+ . ./configure_4cpl
++ set -x
++ echo 'in the configure'
in the configure
+++ whoami
++ export USERID=xb169
++ USERID=xb169
+++ cd ..
+++ pwd
++ export DISK=/nwpr/gfs/xb169/GEPSv3/rsm
++ DISK=/nwpr/gfs/xb169/GEPSv3/rsm
++ export WORK=/nwpr/gfs/xb169/GEPSv3/rsm/run
++ WORK=/nwpr/gfs/xb169/GEPSv3/rsm/run
+++ basename /nwpr/gfs/xb169/GEPSv3/rsm/run
++ export EXPN=run
++ EXPN=run
++ export SDATE=2023010100
++ SDATE=2023010100
++ export TEMP=/nwpr/gfs/xb169/GEPSv3/rsm/wrk
++ TEMP=/nwpr/gfs/xb169/GEPSv3/rsm/wrk
++ export BASEDIR=/nwpr/gfs/xb169/GEPSv3/rsm/wrk/DATA_GFS/gfs_23010100_xnew
++ BASEDIR=/nwpr/gfs/xb169/GEPSv3/rsm/wrk/DATA_GFS/gfs_23010100_xnew
++ export FCSTHR=1080
++ FCSTHR=1080
++ export RESTRHR=0
++ RESTRHR=0
++ export FIXDIR=/nwpr/gfs/xb169/GEPSv3/rsm/fix
++ FIXDIR=/nwpr/gfs/xb169/GEPSv3/rsm/fix
++ . /nwpr/gfs/xb169/GEPSv3/rsm/run/set_machine
+++ export MACHINE=Fujitsu_fx1000
+++ MACHINE=Fujitsu_fx1000
+++ export DEBUG=no
+++ DEBUG=no
++ export IBMSP=no
++ IBMSP=no
++ export FFT99M=yes
++ FFT99M=yes
++ export DCRFT=no
++ DCRFT=no
++ export CWB_MPMD=no
++ CWB_MPMD=no
++ export CWB_CFS=no
++ CWB_CFS=no
++ export CPL_TIMCOM=yes
++ CPL_TIMCOM=yes
++ export CWBSUM=yes
++ CWBSUM=yes
++ export MARCH=mpi
++ MARCH=mpi
++ export LAMMPI=no
++ LAMMPI=no
++ export MPICH=yes
++ MPICH=yes
++ export MP=yes
++ MP=yes
++ export THREAD=no
++ THREAD=no
++ export NCOL=16
++ NCOL=16
++ export NROW=16
++ NROW=16
++ export NONHYD=no
++ NONHYD=no
++ export SIGP=yes
++ SIGP=yes
++ export NDSL=yes
++ NDSL=yes
++ export NDSLDYN=yes
++ NDSLDYN=yes
++ export UPDIFF=yes
++ UPDIFF=yes
++ export NHDIFORD=2
++ NHDIFORD=2
++ export LEVTOP=2
++ LEVTOP=2
++ export NDSLPPM=yes
++ NDSLPPM=yes
++ export NDSLPPMV=yes
++ NDSLPPMV=yes
++ export Salpha=0.7
++ Salpha=0.7
++ export STPLTB=yes
++ STPLTB=yes
++ export DCYC2=yes
++ DCYC2=yes
++ export LSM=yes
++ LSM=yes
++ export OZPHYS=yes
++ OZPHYS=yes
++ export GWDPS=yes
++ GWDPS=yes
++ export do3DRT=yes
++ do3DRT=yes
++ export CONCNV=yes
++ CONCNV=yes
++ export SCONCNV=yes
++ SCONCNV=yes
++ export LRGSCL=yes
++ LRGSCL=yes
++ export wind_fitch=no
++ wind_fitch=no
++ export LTN=no
++ LTN=no
++ export CHS=no
++ CHS=no
++ export spray=no
++ spray=no
++ export NOAHLSM=yes
++ NOAHLSM=yes
++ export LSMDATAREP=yes
++ LSMDATAREP=yes
++ export SAMFSAS=yes
++ SAMFSAS=yes
++ export YSU=yes
++ YSU=yes
++ export NMMIPH=12
++ NMMIPH=12
++ export NUMP3D=5
++ NUMP3D=5
++ export NUMP2D=1
++ NUMP2D=1
++ export NCLDB=5
++ NCLDB=5
++ export NCLD=5
++ NCLD=5
++ export GMTED2010=yes
++ GMTED2010=yes
++ export GTOPO30=no
++ GTOPO30=no
++ export RMTN=no
++ RMTN=no
++ export RSMTERRAIN=yes
++ RSMTERRAIN=yes
++ export RLSMDATA=yes
++ RLSMDATA=yes
++ export R3DRTDATA=yes
++ R3DRTDATA=yes
++ export FCST=yes
++ FCST=yes
++ export LENMON=1
++ LENMON=1
++ export DTIMES=3
++ DTIMES=3
++ export TIMESTEP=15
++ TIMESTEP=15
+++ expr 15 '*' 3
++ export TIMESTEP=45
++ TIMESTEP=45
++ export IMDLPHY=1
++ IMDLPHY=1
++ export PRTHOUR=6
++ PRTHOUR=6
++ export CLIM=1
++ CLIM=1
++ export IRCLIM=0
++ IRCLIM=0
++ export READCLIMHR=24
++ READCLIMHR=24
++ export RUNRMTN=no
++ RUNRMTN=no
++ export RUNRSMTERRAIN=yes
++ RUNRSMTERRAIN=yes
++ export RUNLSMDATA=yes
++ RUNLSMDATA=yes
++ export RUN3DRTDATA=yes
++ RUN3DRTDATA=yes
++ export RUNFCST=yes
++ RUNFCST=yes
++ export BGF=5
++ BGF=5
++ export IGRD=288
++ IGRD=288
++ export JGRD=288
++ JGRD=288
++ export LEVR=72
++ LEVR=72
++ export RPROJ=0.
++ RPROJ=0.
++ export RTRUTH=24.5
++ RTRUTH=24.5
++ export RORIENT=120.7
++ RORIENT=120.7
++ export RDELX=5000.
++ RDELX=5000.
++ export RDELY=5000.
++ RDELY=5000.
++ export RCENLAT=24.5
++ RCENLAT=24.5
++ export RCENLON=120.7
++ RCENLON=120.7
++ export RLFTGRD=144.
++ RLFTGRD=144.
++ export RBTMGRD=144.
++ RBTMGRD=144.
++ export BIGRD=215
++ BIGRD=215
++ export BJGRD=151
++ BJGRD=151
++ export BLEVR=72
++ BLEVR=72
++ export BRDELX=25000.
++ BRDELX=25000.
++ export BRDELY=25000.
++ BRDELY=25000.
++ export BCPROJ=4.
++ BCPROJ=4.
++ export BLEVS=72
++ BLEVS=72
++ export BPGBRES=0.25
++ BPGBRES=0.25
++ export INCBASE=6
++ INCBASE=6
+++ echo '(-())/0.25+1'
+++ bc
(standard_in) 1: syntax error
++ export BCIGRD1=
++ BCIGRD1=
+++ echo '(-())/0.25+1'
+++ bc
(standard_in) 1: syntax error
++ export BCJGRD1=
++ BCJGRD1=
++ export KO=16
++ KO=16
++ . /nwpr/gfs/xb169/GEPSv3/rsm/opt/rsm_default.option
+++ export USERID=xb169
+++ USERID=xb169
+++ export DISK=/nwpr/gfs/xb169/GEPSv3/rsm
+++ DISK=/nwpr/gfs/xb169/GEPSv3/rsm
+++ export WORK=/nwpr/gfs/xb169/GEPSv3/rsm/run
+++ WORK=/nwpr/gfs/xb169/GEPSv3/rsm/run
+++ export EXPN=run
+++ EXPN=run
+++ export TEMP=/nwpr/gfs/xb169/GEPSv3/rsm/wrk
+++ TEMP=/nwpr/gfs/xb169/GEPSv3/rsm/wrk
+++ export SRCDIR=/nwpr/gfs/xb169/GEPSv3/rsm/src
+++ SRCDIR=/nwpr/gfs/xb169/GEPSv3/rsm/src
+++ export UTLDIR=/nwpr/gfs/xb169/GEPSv3/rsm/utl
+++ UTLDIR=/nwpr/gfs/xb169/GEPSv3/rsm/utl
+++ export SHSDIR=/nwpr/gfs/xb169/GEPSv3/rsm/script
+++ SHSDIR=/nwpr/gfs/xb169/GEPSv3/rsm/script
+++ export FIXDIR=/nwpr/gfs/xb169/GEPSv3/rsm/fix
+++ FIXDIR=/nwpr/gfs/xb169/GEPSv3/rsm/fix
+++ export AERDIR=/nwpr/gfs/xb169/GEPSv3/rsm/fix
+++ AERDIR=/nwpr/gfs/xb169/GEPSv3/rsm/fix
+++ export EXEDIR=/nwpr/gfs/xb169/GEPSv3/rsm/utl
+++ EXEDIR=/nwpr/gfs/xb169/GEPSv3/rsm/utl
+++ export RUNDIR=/nwpr/gfs/xb169/GEPSv3/rsm/wrk/2023010100
+++ RUNDIR=/nwpr/gfs/xb169/GEPSv3/rsm/wrk/2023010100
+++ export EXPDIR=/nwpr/gfs/xb169/GEPSv3/rsm/run
+++ EXPDIR=/nwpr/gfs/xb169/GEPSv3/rsm/run
+++ export EXPEXE=/nwpr/gfs/xb169/GEPSv3/rsm/run/exe
+++ EXPEXE=/nwpr/gfs/xb169/GEPSv3/rsm/run/exe
+++ export CMPDIR=/nwpr/gfs/xb169/GEPSv3/rsm/wrk/dir_cmp
+++ CMPDIR=/nwpr/gfs/xb169/GEPSv3/rsm/wrk/dir_cmp
+++ export INCDIR=/nwpr/gfs/xb169/GEPSv3/rsm/wrk/dir_cmp/include
+++ INCDIR=/nwpr/gfs/xb169/GEPSv3/rsm/wrk/dir_cmp/include
+++ export BASEDIR=/nwpr/gfs/xb169/GEPSv3/rsm/wrk/DATA_GFS/gfs_23010100_xnew
+++ BASEDIR=/nwpr/gfs/xb169/GEPSv3/rsm/wrk/DATA_GFS/gfs_23010100_xnew
+++ export MACHINE=Fujitsu_fx1000
+++ MACHINE=Fujitsu_fx1000
+++ export RUNENV=
+++ RUNENV=
+++ export MARCH=mpi
+++ MARCH=mpi
+++ export LAMMPI=no
+++ LAMMPI=no
+++ export MPICH=yes
+++ MPICH=yes
+++ export MPICH4=no
+++ MPICH4=no
+++ export NCPUS=1
+++ NCPUS=1
+++ export NCOL=16
+++ NCOL=16
+++ export NROW=16
+++ NROW=16
++++ expr 16 '*' 16
+++ export NPES=256
+++ NPES=256
+++ export NODES=1
+++ NODES=1
++++ expr 256 / 1
+++ export TASKPERNODE=256
+++ TASKPERNODE=256
+++ export MP=yes
+++ MP=yes
+++ export MPIO=no
+++ MPIO=no
+++ '[' Fujitsu_fx1000 = ibm_xlf ']'
+++ export IBMSP=no
+++ IBMSP=no
+++ export CRA=no
+++ CRA=no
+++ export DEC=no
+++ DEC=no
+++ export ORIGIN=no
+++ ORIGIN=no
+++ export THREAD=no
+++ THREAD=no
+++ export HYBRID=no
+++ HYBRID=no
+++ export SINGLE=no
+++ SINGLE=no
+++ export FFT99M=yes
+++ FFT99M=yes
+++ export DCRFT=no
+++ DCRFT=no
+++ export CNT=no
+++ CNT=no
+++ export CNT_1=no
+++ CNT_1=no
+++ export CNT_2=no
+++ CNT_2=no
+++ export CNT_5=no
+++ CNT_5=no
+++ export CNT_6=no
+++ CNT_6=no
+++ export DBG=no
+++ DBG=no
+++ export JCAP=62
+++ JCAP=62
+++ export LEVS=47
+++ LEVS=47
+++ export LONF=192
+++ LONF=192
+++ export LATG=94
+++ LATG=94
+++ export CIGRD1=199
+++ CIGRD1=199
+++ export CJGRD1=91
+++ CJGRD1=91
+++ export IGRD=288
+++ IGRD=288
+++ export JGRD=288
+++ JGRD=288
+++ export LEVR=72
+++ LEVR=72
+++ export PGBRES=0.5
+++ PGBRES=0.5
+++ export BGF=5
+++ BGF=5
+++ export IGRD=288
+++ IGRD=288
+++ export JGRD=288
+++ JGRD=288
+++ export LEVR=72
+++ LEVR=72
+++ export RPROJ=0.
+++ RPROJ=0.
+++ export RTRUTH=24.5
+++ RTRUTH=24.5
+++ export RORIENT=120.7
+++ RORIENT=120.7
+++ export RDELX=5000.
+++ RDELX=5000.
+++ export RDELY=5000.
+++ RDELY=5000.
+++ export RCENLAT=24.5
+++ RCENLAT=24.5
+++ export RCENLON=120.7
+++ RCENLON=120.7
+++ export RLFTGRD=144.
+++ RLFTGRD=144.
+++ export RBTMGRD=144.
+++ RBTMGRD=144.
+++ export BIGRD=215
+++ BIGRD=215
+++ export BJGRD=151
+++ BJGRD=151
+++ export BLEVR=72
+++ BLEVR=72
+++ export BRPROJ=0.
+++ BRPROJ=0.
+++ export BRTRUTH=23.65
+++ BRTRUTH=23.65
+++ export BRORIENT=120.7
+++ BRORIENT=120.7
+++ export BRDELX=25000.
+++ BRDELX=25000.
+++ export BRDELY=25000.
+++ BRDELY=25000.
+++ export BRCENLAT=23.65
+++ BRCENLAT=23.65
+++ export BRCENLON=120.7
+++ BRCENLON=120.7
+++ export BRLFTGRD=32.
+++ BRLFTGRD=32.
+++ export BRBTMGRD=32.
+++ BRBTMGRD=32.
+++ export LEVS=72
+++ LEVS=72
++++ echo 215+1
++++ bc
+++ export CIGRD1=216
+++ CIGRD1=216
++++ echo 151+1
++++ bc
+++ export CJGRD1=152
+++ CJGRD1=152
+++ export CPROJ=0.
+++ CPROJ=0.
+++ export CTRUTH=23.65
+++ CTRUTH=23.65
+++ export CORIENT=120.7
+++ CORIENT=120.7
+++ export CDELX=25000.
+++ CDELX=25000.
+++ export CDELY=25000.
+++ CDELY=25000.
+++ export CCENLAT=23.65
+++ CCENLAT=23.65
+++ export CCENLON=120.7
+++ CCENLON=120.7
++++ echo 32.+1
++++ bc
+++ export CLFTGRD=33
+++ CLFTGRD=33
++++ echo 32.+1
++++ bc
+++ export CBTMGRD=33
+++ CBTMGRD=33
+++ export CLAT1=0.
+++ CLAT1=0.
+++ export CLAT2=0.
+++ CLAT2=0.
+++ export CLON1=0.
+++ CLON1=0.
+++ export CLON2=0.
+++ CLON2=0.
+++ export BCPROJ=4.
+++ BCPROJ=4.
+++ export BCLAT1=5.0
+++ BCLAT1=5.0
+++ export BCLAT2=45.0
+++ BCLAT2=45.0
+++ export BCLON1=90.0
+++ BCLON1=90.0
+++ export BCLON2=150.0
+++ BCLON2=150.0
+++ export BLEVS=72
+++ BLEVS=72
+++ export BPGBRES=0.25
+++ BPGBRES=0.25
+++ export INCBASE=6
+++ INCBASE=6
++++ echo '(150.0-(90.0))/0.25+1'
++++ bc
+++ export BCIGRD1=241
+++ BCIGRD1=241
++++ echo '(45.0-(5.0))/0.25+1'
++++ bc
+++ export BCJGRD1=161
+++ BCJGRD1=161
+++ export NEST=P2R
+++ NEST=P2R
+++ '[' doP2R = doG2R ']'
+++ export G2R=no
+++ G2R=no
+++ '[' doP2R = doC2R ']'
+++ export C2R=no
+++ C2R=no
+++ '[' doP2R = doP2R ']'
+++ export P2R=yes
+++ P2R=yes
+++ export C2R=yes
+++ C2R=yes
+++ '[' doP2R = doN2R ']'
+++ export N2R=no
+++ N2R=no
+++ export NONHYD=no
+++ NONHYD=no
+++ export INTDTB=no
+++ INTDTB=no
+++ export HYDPHY=no
+++ HYDPHY=no
+++ export SIGP=yes
+++ SIGP=yes
+++ export RKN=no
+++ RKN=no
+++ export DCYC2=yes
+++ DCYC2=yes
+++ export LSM=yes
+++ LSM=yes
+++ export OZPHYS=yes
+++ OZPHYS=yes
+++ export GWDPS=yes
+++ GWDPS=yes
+++ export do3DRT=yes
+++ do3DRT=yes
+++ export CONCNV=yes
+++ CONCNV=yes
+++ export SCONCNV=yes
+++ SCONCNV=yes
+++ export LRGSCL=yes
+++ LRGSCL=yes
+++ export LTN=no
+++ LTN=no
+++ export wind_fitch=no
+++ wind_fitch=no
+++ export RAS=no
+++ RAS=no
+++ export SAS=no
+++ SAS=no
+++ export NSAS=no
+++ NSAS=no
+++ export SCASAS=no
+++ SCASAS=no
+++ export SAMFSAS=yes
+++ SAMFSAS=yes
+++ export NTDK=no
+++ NTDK=no
+++ export NOAHLSM=yes
+++ NOAHLSM=yes
+++ export LSMDATAREP=yes
+++ LSMDATAREP=yes
+++ export PROGTM=no
+++ PROGTM=no
+++ export PROGT2=no
+++ PROGT2=no
+++ export YSU=yes
+++ YSU=yes
+++ export MONI_N=no
+++ MONI_N=no
+++ export MONINP=no
+++ MONINP=no
+++ export NUMP3D=5
+++ NUMP3D=5
+++ export NUMP2D=1
+++ NUMP2D=1
+++ export NEW_WSM3=yes
+++ NEW_WSM3=yes
+++ export NEW_WSM6=yes
+++ NEW_WSM6=yes
+++ export GMTED2010=yes
+++ GMTED2010=yes
+++ export GTOPO30=no
+++ GTOPO30=no
+++ export SRTM1ARC=no
+++ SRTM1ARC=no
+++ export CHGTLEV=no
+++ CHGTLEV=no
+++ export MBC=yes
+++ MBC=yes
+++ export LBC=no
+++ LBC=no
+++ export ENERGYRD=no
+++ ENERGYRD=no
+++ export SQK=yes
+++ SQK=yes
+++ export SPT=no
+++ SPT=no
+++ export SEMI=yes
+++ SEMI=yes
+++ export Salpha=0.7
+++ Salpha=0.7
+++ export T0SI=300.0
+++ T0SI=300.0
+++ export NDSL=yes
+++ NDSL=yes
+++ export NDSLDYN=yes
+++ NDSLDYN=yes
+++ export NDSLPPM=yes
+++ NDSLPPM=yes
+++ export NDSLPPMV=yes
+++ NDSLPPMV=yes
+++ export UPDAMP=no
+++ UPDAMP=no
+++ export DIVDIF=no
+++ DIVDIF=no
+++ export TSDIVDIF=3.0
+++ TSDIVDIF=3.0
+++ export dediff=no
+++ dediff=no
+++ export UPDIFF=yes
+++ UPDIFF=yes
+++ export NHDIFORD=2
+++ NHDIFORD=2
+++ export LEVTOP=2
+++ LEVTOP=2
+++ export SECDIFF=no
+++ SECDIFF=no
+++ export DIFFSW=no
+++ DIFFSW=no
+++ export RAYLEIFR=no
+++ RAYLEIFR=no
+++ export NEWLTB=no
+++ NEWLTB=no
+++ export STPLTB=yes
+++ STPLTB=yes
+++ export DOINDEX=no
+++ DOINDEX=no
+++ export MULPHYS=no
+++ MULPHYS=no
+++ export KEO=no
+++ KEO=no
+++ export DIFDZ=yes
+++ DIFDZ=yes
+++ export RMTN=no
+++ RMTN=no
+++ export RSMTERRAIN=yes
+++ RSMTERRAIN=yes
+++ export RINP=yes
+++ RINP=yes
+++ export RLSMDATA=yes
+++ RLSMDATA=yes
+++ export R3DRTDATA=yes
+++ R3DRTDATA=yes
+++ export FCST=yes
+++ FCST=yes
+++ '[' yes = yes ']'
+++ export RMTN=yes
+++ RMTN=yes
+++ export RMTN_STUB_ONLY=yes
+++ RMTN_STUB_ONLY=yes
+++ export JOBS=hindcast
+++ JOBS=hindcast
+++ export SDATE=2023010100
+++ SDATE=2023010100
+++ export CLASS=dev
+++ CLASS=dev
+++ export LENMON=1
+++ LENMON=1
+++ export TIMESTEP=45
+++ TIMESTEP=45
+++ export DELTAT_REG=45
+++ DELTAT_REG=45
+++ export INCHOUR=6
+++ INCHOUR=6
+++ export INCBASE=6
+++ INCBASE=6
+++ export PRTHOUR=6
+++ PRTHOUR=6
+++ export FHMAX=10000
+++ FHMAX=10000
+++ export IMDLPHY=1
+++ IMDLPHY=1
+++ export IGRIBVERSION=2
+++ IGRIBVERSION=2
+++ export IQVAR=1
+++ IQVAR=1
+++ export IVS=1997
+++ IVS=1997
+++ export CLIM=1
+++ CLIM=1
+++ export KO=16
+++ KO=16
+++ export NEWSLM=0
+++ NEWSLM=0
+++ export NEWSST=.FALSE.
+++ NEWSST=.FALSE.
+++ export DELX=26
+++ DELX=26
+++ '[' yes = yes ']'
+++ export MTNRES=30
+++ MTNRES=30
+++ export RSFC_MERGE=yes
+++ RSFC_MERGE=yes
+++ '[' 72 = 72 ']'
+++ export NEWSIG=.TRUE.
+++ NEWSIG=.TRUE.
+++ export NCLDB=5
+++ NCLDB=5
+++ export NCLD=5
+++ NCLD=5
+++ export PERCMTN=0.0
+++ PERCMTN=0.0
+++ export POSTTYPE=sync
+++ POSTTYPE=sync
+++ export RUNRMTN=no
+++ RUNRMTN=no
+++ export RUNRSMTERRAIN=yes
+++ RUNRSMTERRAIN=yes
+++ export RUNRINP=yes
+++ RUNRINP=yes
+++ export RUNRINP2=yes
+++ RUNRINP2=yes
+++ export RUNLSMDATA=yes
+++ RUNLSMDATA=yes
+++ export RUN3DRTDATA=yes
+++ RUN3DRTDATA=yes
+++ export RUNFCST=yes
+++ RUNFCST=yes
+++ export sfc_freq=24
+++ sfc_freq=24
+++ export RSWRHOUR=1
+++ RSWRHOUR=1
+++ export RLWRHOUR=1
+++ RLWRHOUR=1
+++ export RDFISEC=0.
+++ RDFISEC=0.
+++ export RLXHSEC=1800.
+++ RLXHSEC=1800.
+++ export RLXMSEC=1800.
+++ RLXMSEC=1800.
+++ export DIFH=3
+++ DIFH=3
+++ export DIFM=2
+++ DIFM=2
+++ export ISEMIMP=1
+++ ISEMIMP=1
+++ export IIMPRLX=1
+++ IIMPRLX=1
+++ export IDMPJET=0
+++ IDMPJET=0
+++ export IOUTNHR=1
+++ IOUTNHR=1
+++ export RESTRHR=0
+++ RESTRHR=0
+++ export CO2CON=/nwpr/gfs/xb169/GEPSv3/rsm/fix/global_co2con.l72.f77
+++ CO2CON=/nwpr/gfs/xb169/GEPSv3/rsm/fix/global_co2con.l72.f77
+++ export TUNE1=/nwpr/gfs/xb169/GEPSv3/rsm/fix/global_cldtune.f77
+++ TUNE1=/nwpr/gfs/xb169/GEPSv3/rsm/fix/global_cldtune.f77
+++ export O3CLIM=/nwpr/gfs/xb169/GEPSv3/rsm/fix/global_o3clim.txt
+++ O3CLIM=/nwpr/gfs/xb169/GEPSv3/rsm/fix/global_o3clim.txt
+++ export O3PROD=/nwpr/gfs/xb169/GEPSv3/rsm/fix/global_o3prod.f77
+++ O3PROD=/nwpr/gfs/xb169/GEPSv3/rsm/fix/global_o3prod.f77
+++ export O3LOSS=/nwpr/gfs/xb169/GEPSv3/rsm/fix/global_o3loss.f77
+++ O3LOSS=/nwpr/gfs/xb169/GEPSv3/rsm/fix/global_o3loss.f77
+++ export STTPRM=/nwpr/gfs/xb169/GEPSv3/rsm/fix/nam_staids.parm
+++ STTPRM=/nwpr/gfs/xb169/GEPSv3/rsm/fix/nam_staids.parm
+++ export GRIBKPDS5=/nwpr/gfs/xb169/GEPSv3/rsm/fix/clim_grib1.kpds5.vsn21
+++ GRIBKPDS5=/nwpr/gfs/xb169/GEPSv3/rsm/fix/clim_grib1.kpds5.vsn21
+++ export GRIBKPDS6=/nwpr/gfs/xb169/GEPSv3/rsm/fix/clim_grib1.kpds6.vsn21
+++ GRIBKPDS6=/nwpr/gfs/xb169/GEPSv3/rsm/fix/clim_grib1.kpds6.vsn21
+++ export FNZORC=igbp
+++ FNZORC=igbp
+++ export FNALBC=global_albedo4.1x1.grb
+++ FNALBC=global_albedo4.1x1.grb
+++ export FNTG3C=global_tg3clim.2.6x1.5.grb
+++ FNTG3C=global_tg3clim.2.6x1.5.grb
+++ export FNMSKH=seaice_newland.grb
+++ FNMSKH=seaice_newland.grb
+++ export FNSLPC=global_slope.1x1.grb
+++ FNSLPC=global_slope.1x1.grb
+++ export FNABSC=global_snoalb.1x1.grb
+++ FNABSC=global_snoalb.1x1.grb
+++ export FNVMNC=global_shdmin.0.144x0.144.grb
+++ FNVMNC=global_shdmin.0.144x0.144.grb
+++ export FNVMXC=global_shdmax.0.144x0.144.grb
+++ FNVMXC=global_shdmax.0.144x0.144.grb
+++ '[' doyes = doyes ']'
+++ '[' doyes = doyes ']'
+++ export FNVETC=out_landuse.bin
+++ FNVETC=out_landuse.bin
+++ export FNSOTC=out_soiltype.bin
+++ FNSOTC=out_soiltype.bin
+++ export FNVEGC=out_vegfrac.bin
+++ FNVEGC=out_vegfrac.bin
+++ '[' 5 -ne 5 ']'
+++ '[' 12 = 2 ']'
+++ '[' 12 = 3 ']'
+++ '[' 12 = 6 ']'
+++ '[' 12 = 11 ']'
+++ '[' yes = yes ']'
+++ '[' no = yes ']'
+++ '[' no = yes ']'
++ . /nwpr/gfs/xb169/GEPSv3/rsm/opt/compile.option.4cpl
+++ export DEBUG=no
+++ DEBUG=no
+++ '[' Fujitsu_fx1000 = ibm_xlf ']'
+++ '[' Fujitsu_fx1000 = mac_intel ']'
+++ '[' Fujitsu_fx1000 = linux_intel ']'
+++ '[' Fujitsu_fx1000 = mac_gfortran ']'
+++ '[' Fujitsu_fx1000 = mac_absoft ']'
+++ '[' Fujitsu_fx1000 = mac_xlf ']'
+++ '[' Fujitsu_fx1000 = linux_pgi ']'
+++ '[' Fujitsu_fx1000 = linux_gfortran ']'
+++ '[' Fujitsu_fx1000 = Fujitsu_fx10 ']'
+++ '[' Fujitsu_fx1000 = Fujitsu_fx100 ']'
+++ '[' Fujitsu_fx1000 = Fujitsu_fx1000 ']'
+++ export F_SUBF=f90
+++ F_SUBF=f90
+++ export 'C_PREP_RMTN=cpp -C'
+++ C_PREP_RMTN='cpp -C'
+++ export F_COMP_RMTN=frtpx
+++ F_COMP_RMTN=frtpx
+++ export 'F_FLAG_RMTN=-O3 -Kfast -CcdRR8'
+++ F_FLAG_RMTN='-O3 -Kfast -CcdRR8'
+++ export 'F_LINK_RMTN=-O3 -Kfast -CcdRR8'
+++ F_LINK_RMTN='-O3 -Kfast -CcdRR8'
+++ export F_LIBS_RMTN=
+++ F_LIBS_RMTN=
+++ export 'C_PREP_3DRT=cpp -C'
+++ C_PREP_3DRT='cpp -C'
+++ export F_COMP_3DRT=frtpx
+++ F_COMP_3DRT=frtpx
+++ export 'F_FLAG_3DRT=-O3 -Kfast -CcdRR8 -I${DISK}/lib/netcdf-3.6.3/include'
+++ F_FLAG_3DRT='-O3 -Kfast -CcdRR8 -I${DISK}/lib/netcdf-3.6.3/include'
+++ export 'F_LINK_3DRT=-O3 -Kfast -CcdRR8 -I${DISK}/lib/netcdf-3.6.3/include'
+++ F_LINK_3DRT='-O3 -Kfast -CcdRR8 -I${DISK}/lib/netcdf-3.6.3/include'
+++ export 'F_LIBS_3DRT=-L${DISK}/lib/netcdf-3.6.3/lib -lnetcdf'
+++ F_LIBS_3DRT='-L${DISK}/lib/netcdf-3.6.3/lib -lnetcdf'
+++ export 'C_PREP_RINP=cpp -C'
+++ C_PREP_RINP='cpp -C'
+++ export F_COMP_RINP=frtpx
+++ F_COMP_RINP=frtpx
+++ export F_COMP_RINP90=frtpx
+++ F_COMP_RINP90=frtpx
+++ export JPATH=/package/fx1000/jasper-1.900.1/lib
+++ JPATH=/package/fx1000/jasper-1.900.1/lib
+++ export PPATH=/package/fx1000/libpng-1.6.37/lib
+++ PPATH=/package/fx1000/libpng-1.6.37/lib
+++ export ZPATH=/data/common/gfs/GEPSv3_lib/fx1000/zlib-1.2.8/lib
+++ ZPATH=/data/common/gfs/GEPSv3_lib/fx1000/zlib-1.2.8/lib
+++ export GPATH=/package/fx1000/g2lib-1.4.0_cwb/lib
+++ GPATH=/package/fx1000/g2lib-1.4.0_cwb/lib
+++ export WPATH=/data/common/gfs/GEPSv3_lib/NCEPLIB/lib
+++ WPATH=/data/common/gfs/GEPSv3_lib/NCEPLIB/lib
+++ export 'F_LIBS_RINP=-Kopenmp -SSL2BLAMP -L${GPATH} -lg2 -L${WPATH} -lw3emc_d -lw3nco_d -lw3nco_4 -lbacio_4 -L${JPATH} -ljasper -L${PPATH} -lpng -L${ZPATH} -lz'
+++ F_LIBS_RINP='-Kopenmp -SSL2BLAMP -L${GPATH} -lg2 -L${WPATH} -lw3emc_d -lw3nco_d -lw3nco_4 -lbacio_4 -L${JPATH} -ljasper -L${PPATH} -lpng -L${ZPATH} -lz'
+++ export NETCDF_PATH=/package/fx1000/netcdf-4.1.3
+++ NETCDF_PATH=/package/fx1000/netcdf-4.1.3
+++ export PNETCDF_PATH=/data/common/gfs/GEPSv3_lib/fx1000/pnetcdf-1.12.3
+++ PNETCDF_PATH=/data/common/gfs/GEPSv3_lib/fx1000/pnetcdf-1.12.3
+++ export HDF5_PATH=/package/fx1000/hdf5-1.8.22
+++ HDF5_PATH=/package/fx1000/hdf5-1.8.22
+++ export ZLIB=/data/common/gfs/GEPSv3_lib/fx1000/zlib-1.2.8
+++ ZLIB=/data/common/gfs/GEPSv3_lib/fx1000/zlib-1.2.8
++++ cd ../src/timcom.fd
++++ pwd
+++ timcom_path=/nwpr/gfs/xb169/GEPSv3/rsm/src/timcom.fd
+++ export TIMCOM_PATH=/nwpr/gfs/xb169/GEPSv3/rsm/src/timcom.fd
+++ TIMCOM_PATH=/nwpr/gfs/xb169/GEPSv3/rsm/src/timcom.fd
+++ export 'C_PREP_FCST=cpp -C'
+++ C_PREP_FCST='cpp -C'
+++ export F_COMP_FCST=mpifrtpx
+++ F_COMP_FCST=mpifrtpx
+++ export F_COMP_FCST90=mpifrtpx
+++ F_COMP_FCST90=mpifrtpx
+++ export 'F_FLAG_FCST=-g -Ncheck_intrfunc,check_global -fw -Kfast,openmp,ocl,autoobjstack -CcdRR8 -Ec -Nlst=a,lst=d,lst=p,lst=t,lst=x -Koptmsg=2'
+++ F_FLAG_FCST='-g -Ncheck_intrfunc,check_global -fw -Kfast,openmp,ocl,autoobjstack -CcdRR8 -Ec -Nlst=a,lst=d,lst=p,lst=t,lst=x -Koptmsg=2'
+++ export 'F_LINK_FCST=-g -Ncheck_intrfunc,check_global -O3 -Kfast,parallel -CcdRR8'
+++ F_LINK_FCST='-g -Ncheck_intrfunc,check_global -O3 -Kfast,parallel -CcdRR8'
+++ export 'F_LIBS_FCST=-L${DISK}/lib/cwb_mpmd -lmpmd -Kopenmp -SSL2BLAMP -L${PNETCDF_PATH}/lib -lpnetcdf -L${NETCDF_PATH}/lib -lnetcdff -lnetcdf -L/data/common/gfs/GEPSv3_lib/coupler -lcpl'
+++ F_LIBS_FCST='-L${DISK}/lib/cwb_mpmd -lmpmd -Kopenmp -SSL2BLAMP -L${PNETCDF_PATH}/lib -lpnetcdf -L${NETCDF_PATH}/lib -lnetcdff -lnetcdf -L/data/common/gfs/GEPSv3_lib/coupler -lcpl'
+++ export 'C_PREP_POST=cpp -C'
+++ C_PREP_POST='cpp -C'
+++ export F_COMP_POST=frtpx
+++ F_COMP_POST=frtpx
+++ export 'F_FLAG_POST=-O3 -Kfast'
+++ F_FLAG_POST='-O3 -Kfast'
+++ export 'F_LINK_POST=-O3 -Kfast'
+++ F_LINK_POST='-O3 -Kfast'
+++ export F_LIBS_POST=
+++ F_LIBS_POST=
+++ export 'C_PREP=cpp -C'
+++ C_PREP='cpp -C'
+++ export F_COMP=frtpx
+++ F_COMP=frtpx
+++ export 'F_FLAG_r8=-g -O3 -Kfast -CcdRR8'
+++ F_FLAG_r8='-g -O3 -Kfast -CcdRR8'
+++ export 'F_FLAG=-g -Ncheck_intrfunc,check_global -O3 -CcdRR8 -Cpp -Kfast,parallel,openmp,ocl,autoobjstack -x- -fw -Knofp_relaxed -I${TIMCOM_PATH} -I${PNETCDF_PATH}/include -I${NETCDF_PATH}/include -I/data/common/gfs/GEPSv3_lib/coupler -I/data/common/gfs/GEPSv3_lib/fx1000/MCT/include'
+++ F_FLAG='-g -Ncheck_intrfunc,check_global -O3 -CcdRR8 -Cpp -Kfast,parallel,openmp,ocl,autoobjstack -x- -fw -Knofp_relaxed -I${TIMCOM_PATH} -I${PNETCDF_PATH}/include -I${NETCDF_PATH}/include -I/data/common/gfs/GEPSv3_lib/coupler -I/data/common/gfs/GEPSv3_lib/fx1000/MCT/include'
+++ '[' no = yes ']'
+++ export 'F_LIBS=-llapack -lblas'
+++ F_LIBS='-llapack -lblas'
+ mkdir -p /nwpr/gfs/xb169/GEPSv3/rsm/wrk/dir_cmp /nwpr/gfs/xb169/GEPSv3/rsm/wrk/dir_cmp/include /nwpr/gfs/xb169/GEPSv3/rsm/run/exe
+ '[' 5 '!=' 5 ']'
+ '[' 5 -gt 1 ']'
+ export NUMP3D=4
+ NUMP3D=4
+ export NUMP2D=3
+ NUMP2D=3
+ '[' 12 -eq 11 ']'
+ '[' 12 -eq 12 ']'
+ export NUMP3D=5
+ NUMP3D=5
+ export NUMP2D=1
+ NUMP2D=1
+ '[' 12 -eq 13 ']'
+ echo '#define _JCAP_ 62'
+ echo '#define _LEVS_ 72'
+ echo '#define _LONF_ 192'
+ echo '#define _LATG_ 94'
+ echo '#define _IGRD_ 288'
+ echo '#define _JGRD_ 288'
+ echo '#define _LEVR_ 72'
+ echo '#define _NMMIPH_ 12'
+ echo '#define _NUMP3D_ 5'
+ echo '#define _NUMP2D_ 1'
+ echo '#define _NCLDB_ 5'
+ echo '#define _NCLD_ 5'
+ echo '#define _CIGRD1_ 216'
+ echo '#define _CJGRD1_ 152'
+ echo '#define _BGF_ 5'
+ echo '#define _JCAP_ 62'
+ echo '#define _LEVS_ 72'
+ echo '#define _LONF_ 192'
+ echo '#define _LATG_ 94'
+ echo '#define _IGRD_ 215'
+ echo '#define _JGRD_ 151'
+ echo '#define _LEVR_ 72'
+ echo '#define _NCLDB_ 5'
+ echo '#define _NCLD_ 5'
+ echo '#define _CIGRD1_ 241'
+ echo '#define _CJGRD1_ 161'
+ echo '#define _JCAP_ 62'
+ echo '#define _LEVS_ 72'
+ echo '#define _LONF_ 192'
+ echo '#define _LATG_ 94'
+ echo '#define _IGRD_ 288'
+ echo '#define _JGRD_ 288'
+ echo '#define _LEVR_ 72'
+ echo '#define _NCLDB_ 5'
+ echo '#define _NCLD_ 5'
+ echo '#define _CIGRD1_ 241'
+ echo '#define _CJGRD1_ 161'
+ /bin/rm /nwpr/gfs/xb169/GEPSv3/rsm/wrk/dir_cmp/include/defopt.h
/bin/rm: cannot remove '/nwpr/gfs/xb169/GEPSv3/rsm/wrk/dir_cmp/include/defopt.h': No such file or directory
+ touch /nwpr/gfs/xb169/GEPSv3/rsm/wrk/dir_cmp/include/defopt.h
+ '[' doyes = doyes ']'
+ echo '#define MP'
+ '[' dono = doyes ']'
+ '[' dono = doyes ']'
+ '[' dono = doyes ']'
+ '[' dono = doyes ']'
+ '[' doyes = doyes ']'
+ echo '#define FFT99M'
+ '[' doyes = doyes ']'
+ echo '#define FT'
+ '[' dono = doyes ']'
+ '[' dono = doyes ']'
+ '[' dono = doyes ']'
+ '[' do = doyes ']'
+ '[' do = doyes ']'
+ '[' dono = doyes ']'
+ '[' dono = doyes ']'
+ '[' doyes = doyes ']'
+ echo '#define C2R'
+ '[' dono = doyes ']'
+ '[' dono = doyes ']'
+ '[' dono = doyes ']'
+ '[' dono = doyes ']'
+ '[' dono = doyes ']'
+ '[' dono = doyes ']'
+ '[' dono = doyes ']'
+ '[' dono = doyes ']'
+ '[' doyes = doyes ']'
+ echo '#define SAMFSAS'
+ '[' dono = doyes ']'
+ '[' doyes = doyes ']'
+ echo '#define NEW_WSM3'
+ '[' doyes = doyes ']'
+ echo '#define NEW_WSM6'
+ '[' doyes = doyes ']'
+ echo '#define doDCYC2'
+ '[' doyes = doyes ']'
+ echo '#define doLSM'
+ '[' doyes = doyes ']'
+ echo '#define doNOAHLSM'
+ '[' dono = doyes ']'
+ '[' dono = doyes ']'
+ '[' dono = doyes ']'
+ '[' dono = doyes ']'
+ '[' doyes = doyes ']'
+ echo '#define doYSU'
+ '[' dono = doyes ']'
+ '[' dono = doyes ']'
+ '[' doyes = doyes ']'
+ echo '#define doGWDPS'
+ '[' doyes = doyes ']'
+ echo '#define do3DRT'
+ '[' doyes = doyes ']'
+ echo '#define doOZPHYS'
+ '[' doyes = doyes ']'
+ echo '#define doCONCNV'
+ '[' doyes = doyes ']'
+ echo '#define doSCONCNV'
+ '[' doyes = doyes ']'
+ echo '#define doLRGSCL'
+ '[' doyes = doyes ']'
+ echo '#define NEW_WSM3'
+ '[' doyes = doyes ']'
+ echo '#define NEW_WSM6'
+ '[' dono = doyes ']'
+ '[' doyes = doyes ']'
+ echo '#define DIFDZ'
+ '[' dono = doyes ']'
+ '[' doyes = doyes ']'
+ echo '#define GMTED2010'
+ '[' dono = doyes ']'
+ '[' doyes = doyes ']'
+ echo '#define RMTN_STUB_ONLY'
+ '[' dono = doyes ']'
+ '[' dono = doyes ']'
+ '[' doyes = doyes ']'
+ echo '#define MBC'
+ '[' dono = doyes ']'
+ '[' doyes = doyes ']'
+ echo '#define SIGP'
+ '[' dono = doyes ']'
+ '[' dono = doyes ']'
+ '[' dono = doyes ']'
+ '[' doyes = doyes ']'
+ echo '#define NDSL'
+ '[' doyes = doyes ']'
+ echo '#define NDSLDYN'
+ echo '#define Salpha 0.7'
+ echo '#define T0SI 300.0'
+ '[' dono = doyes ']'
+ '[' dono = doyes ']'
+ '[' dono = doyes ']'
+ '[' doyes = doyes ']'
+ echo '#define UPDIFF'
+ '[' doyes = doyes ']'
+ echo '#define NHDIFORD 2'
+ '[' doyes = doyes ']'
+ echo '#define LEVTOP 2'
+ '[' dono = doyes ']'
+ '[' dono = doyes ']'
+ '[' dono = doyes ']'
+ '[' doyes = doyes ']'
+ echo '#define STPLTB'
+ '[' dono = doyes ']'
+ '[' do = doyes ']'
+ '[' do = doyes ']'
+ '[' dono = doyes ']'
+ '[' dono = doyes ']'
+ '[' doyes = doyes ']'
+ echo '#define NDSLPPM'
+ '[' doyes = doyes ']'
+ echo '#define NDSLPPMV'
+ '[' dono = doyes ']'
+ '[' doyes = doyes ']'
+ echo '#define SQK'
+ '[' dono = doyes ']'
+ '[' dono = doyes ']'
+ '[' dono = doyes ']'
+ '[' dono = doyes ']'
+ '[' doyes = doyes ']'
+ echo '#define CPL_TIMCOM'
+ '[' doyes = doyes ']'
+ echo '#define CWBSUM'
+ '[' Fujitsu_fx1000 = Fujitsu_fx10 ']'
+ '[' Fujitsu_fx1000 = Fujitsu_fx100 ']'
+ '[' Fujitsu_fx1000 = Fujitsu_fx1000 ']'
+ echo '#define __FUJITSU'
+ '[' Fujitsu_fx1000 = linux_intel ']'
+ '[' dono = doyes ']'
+ '[' doyes = doyes ']'
+ echo '#define MPIREAL mpi_real8'
+ echo '#define MPIKIND 8'
+ echo 'creating ncpu.h'
creating ncpu.h
+ echo '      integer ncpu'
+ echo '      parameter(ncpu=1)'
+ '[' doyes = doyes -o dono = doyes ']'
+ echo 'creating npesi.h'
creating npesi.h
+ echo '      integer npesi'
+ echo '      parameter(npesi=256)'
+ echo 'creating ncolrowi.h'
creating ncolrowi.h
+ echo '      integer ncoli,nrowi'
+ echo '      parameter(ncoli=16)'
+ echo '      parameter(nrowi=16)'
+ echo /nwpr/gfs/xb169/GEPSv3/rsm/wrk/dir_cmp
/nwpr/gfs/xb169/GEPSv3/rsm/wrk/dir_cmp
+ cd /nwpr/gfs/xb169/GEPSv3/rsm/wrk/dir_cmp
+ set +x
+ '[' yes = yes ']'
+ echo 'before rlsmdata'
before rlsmdata
+ echo '######  compile regional land surface data ####'
######  compile regional land surface data ####
+ cd /nwpr/gfs/xb169/GEPSv3/rsm/wrk/dir_cmp
+ mkdir -p cmp_rlsmdata
+ cd cmp_rlsmdata
+ set -x
+ cd /nwpr/gfs/xb169/GEPSv3/rsm/src/rsm_rlsmdata.fd
+ tar cvf /nwpr/gfs/xb169/GEPSv3/rsm/wrk/dir_cmp/cmp_rlsmdata/534857tmp Makefile_rlsmdata ful2sgl.F la2ga.F machine.F mainlsmdata.F maxmin.F physcons.F setlatlon.F sgl2ful.F write_to_grads.F define.h ncolrowi.h paramodel.h rscomloc.h
Makefile_rlsmdata
ful2sgl.F
la2ga.F
machine.F
mainlsmdata.F
maxmin.F
physcons.F
setlatlon.F
sgl2ful.F
write_to_grads.F
define.h
ncolrowi.h
paramodel.h
rscomloc.h
+ echo 'after create tar file'
after create tar file
+ cd /nwpr/gfs/xb169/GEPSv3/rsm/wrk/dir_cmp/cmp_rlsmdata
+ tar xvf 534857tmp
Makefile_rlsmdata
ful2sgl.F
la2ga.F
machine.F
mainlsmdata.F
maxmin.F
physcons.F
setlatlon.F
sgl2ful.F
write_to_grads.F
define.h
ncolrowi.h
paramodel.h
rscomloc.h
+ echo 'after untar tar file'
after untar tar file
+ rm -rf 534857tmp
+ cp -f /nwpr/gfs/xb169/GEPSv3/rsm/wrk/dir_cmp/include/defdim.h /nwpr/gfs/xb169/GEPSv3/rsm/wrk/dir_cmp/include/defopt.h /nwpr/gfs/xb169/GEPSv3/rsm/wrk/dir_cmp/include/inp_defdim.h /nwpr/gfs/xb169/GEPSv3/rsm/wrk/dir_cmp/include/inp_defopt.h /nwpr/gfs/xb169/GEPSv3/rsm/wrk/dir_cmp/include/inpint_defdim.h /nwpr/gfs/xb169/GEPSv3/rsm/wrk/dir_cmp/include/ncolrowi.h /nwpr/gfs/xb169/GEPSv3/rsm/wrk/dir_cmp/include/ncpu.h /nwpr/gfs/xb169/GEPSv3/rsm/wrk/dir_cmp/include/npesi.h .
+ make -f Makefile_rlsmdata clean
rm -f *.o *.f90 *.mod core
+ make -f Makefile_rlsmdata
cpp -C -P -I. machine.F >machine.i
sed -e '/^\/\*/,/\*\/$/d' -e '/^ *$/d' machine.i >machine.f90
frtpx -O3 -Kfast -CcdRR8 -c machine.f90
cpp -C -P -I. physcons.F >physcons.i
sed -e '/^\/\*/,/\*\/$/d' -e '/^ *$/d' physcons.i >physcons.f90
frtpx -O3 -Kfast -CcdRR8 -c physcons.f90
cpp -C -P -I. mainlsmdata.F >mainlsmdata.i
sed -e '/^\/\*/,/\*\/$/d' -e '/^ *$/d' mainlsmdata.i >mainlsmdata.f90
frtpx -O3 -Kfast -CcdRR8 -c mainlsmdata.f90
Fortran diagnostic messages: program name(mainlsmdata)
  jwd8220o-i  "mainlsmdata.f90", line 1: Optimizations is performed in this program unit with possibility of side effects. See informational messages below to determine which such optimizations have been performed.
  jwd2004i-i  "mainlsmdata.f90", line 10: 'latr2' is set but never used.
  jwd2004i-i  "mainlsmdata.f90", line 10: 'latg2' is set but never used.
  jwd2004i-i  "mainlsmdata.f90", line 11: 'lnt22' is set but never used.
  jwd2004i-i  "mainlsmdata.f90", line 11: 'lnt2' is set but never used.
  jwd2004i-i  "mainlsmdata.f90", line 11: 'levp1' is set but never used.
  jwd2004i-i  "mainlsmdata.f90", line 11: 'levm1' is set but never used.
  jwd2004i-i  "mainlsmdata.f90", line 11: 'levh' is set but never used.
  jwd2004i-i  "mainlsmdata.f90", line 12: 'lntod' is set but never used.
  jwd2004i-i  "mainlsmdata.f90", line 12: 'lnted' is set but never used.
  jwd2004i-i  "mainlsmdata.f90", line 13: 'lonrx' is set but never used.
  jwd2004i-i  "mainlsmdata.f90", line 13: 'lonfx' is set but never used.
  jwd2004i-i  "mainlsmdata.f90", line 14: 'lonb22' is set but never used.
  jwd2004i-i  "mainlsmdata.f90", line 14: 'lonb2' is set but never used.
  jwd2004i-i  "mainlsmdata.f90", line 14: 'latb2' is set but never used.
  jwd2004i-i  "mainlsmdata.f90", line 14: 'jromb' is set but never used.
  jwd2004i-i  "mainlsmdata.f90", line 15: 'lonr22' is set but never used.
  jwd2004i-i  "mainlsmdata.f90", line 15: 'lonr2' is set but never used.
  jwd2004i-i  "mainlsmdata.f90", line 15: 'lonf22' is set but never used.
  jwd2004i-i  "mainlsmdata.f90", line 15: 'lonf2' is set but never used.
  jwd2004i-i  "mainlsmdata.f90", line 16: 'lnut22' is set but never used.
  jwd2004i-i  "mainlsmdata.f90", line 16: 'lnut2' is set but never used.
  jwd2004i-i  "mainlsmdata.f90", line 16: 'lnu2' is set but never used.
  jwd2004i-i  "mainlsmdata.f90", line 16: 'twoj1' is set but never used.
  jwd2004i-i  "mainlsmdata.f90", line 17: 'nvect_d' is set but never used.
  jwd2004i-i  "mainlsmdata.f90", line 18: 'latgd' is set but never used.
  jwd2004i-i  "mainlsmdata.f90", line 18: 'nypt' is set but never used.
  jwd2004i-i  "mainlsmdata.f90", line 19: 'ncldb' is set but never used.
  jwd2004i-i  "mainlsmdata.f90", line 20: 'nmtvr' is set but never used.
  jwd2004i-i  "mainlsmdata.f90", line 20: 'lsoil' is set but never used.
  jwd2006i-i  "mainlsmdata.f90", line 21: 'mtnres' is declared but never referenced.
  jwd2004i-i  "mainlsmdata.f90", line 22: 'levro' is set but never used.
  jwd2004i-i  "mainlsmdata.f90", line 22: 'jgrd1o' is set but never used.
  jwd2004i-i  "mainlsmdata.f90", line 22: 'igrd1o' is set but never used.
  jwd2004i-i  "mainlsmdata.f90", line 22: 'levri' is set but never used.
  jwd2004i-i  "mainlsmdata.f90", line 22: 'jgrd1i' is set but never used.
  jwd2004i-i  "mainlsmdata.f90", line 22: 'igrd1i' is set but never used.
  jwd2004i-i  "mainlsmdata.f90", line 23: 'ksph' is set but never used.
  jwd2004i-i  "mainlsmdata.f90", line 23: 'ilor' is set but never used.
  jwd2004i-i  "mainlsmdata.f90", line 23: 'klot' is set but never used.
  jwd2004i-i  "mainlsmdata.f90", line 23: 'jlot' is set but never used.
  jwd2004i-i  "mainlsmdata.f90", line 23: 'ilot' is set but never used.
  jwd2004i-i  "mainlsmdata.f90", line 24: 'num_p2d' is set but never used.
  jwd2004i-i  "mainlsmdata.f90", line 24: 'num_p3d' is set but never used.
  jwd2006i-i  "mainlsmdata.f90", line 111: 'jgrdcut' is declared but never referenced.
  jwd2006i-i  "mainlsmdata.f90", line 111: 'igrdcut' is declared but never referenced.
  jwd2004i-i  "mainlsmdata.f90", line 111: 'rmlvark' is set but never used.
  jwd2004i-i  "mainlsmdata.f90", line 111: 'rslvark' is set but never used.
  jwd2004i-i  "mainlsmdata.f90", line 111: 'rltstp' is set but never used.
  jwd2004i-i  "mainlsmdata.f90", line 111: 'rlpnt' is set but never used.
  jwd2004i-i  "mainlsmdata.f90", line 111: 'bgf' is set but never used.
  jwd2004i-i  "mainlsmdata.f90", line 111: 'bsmooth' is set but never used.
  jwd2004i-i  "mainlsmdata.f90", line 111: 'border' is set but never used.
  jwd2004i-i  "mainlsmdata.f90", line 111: 'rgen' is set but never used.
  jwd2004i-i  "mainlsmdata.f90", line 111: 'levrm1' is set but never used.
  jwd2004i-i  "mainlsmdata.f90", line 111: 'levrp1' is set but never used.
  jwd2004i-i  "mainlsmdata.f90", line 111: 'clngrd' is set but never used.
  jwd2004i-i  "mainlsmdata.f90", line 111: 'lnwav' is set but never used.
  jwd2004i-i  "mainlsmdata.f90", line 111: 'jumpry' is set but never used.
  jwd2004i-i  "mainlsmdata.f90", line 111: 'jumpr' is set but never used.
  jwd2004i-i  "mainlsmdata.f90", line 116: 'np' is set but never used.
  jwd2004i-i  "mainlsmdata.f90", line 116: 'nv' is set but never used.
  jwd2004i-i  "mainlsmdata.f90", line 116: 'nu' is set but never used.
  jwd2004i-i  "mainlsmdata.f90", line 116: 'nq' is set but never used.
  jwd2004i-i  "mainlsmdata.f90", line 116: 'nt' is set but never used.
  jwd2004i-i  "mainlsmdata.f90", line 117: 'order' is set but never used.
  jwd2006i-i  "mainlsmdata.f90", line 230: 'k' is declared but never referenced.
  jwd2006i-i  "mainlsmdata.f90", line 232: 'e0' is declared but never referenced.
  jwd2006i-i  "mainlsmdata.f90", line 232: 'd0' is declared but never referenced.
  jwd2006i-i  "mainlsmdata.f90", line 232: 'c0' is declared but never referenced.
  jwd2006i-i  "mainlsmdata.f90", line 232: 'b0' is declared but never referenced.
  jwd2006i-i  "mainlsmdata.f90", line 232: 'a0' is declared but never referenced.
  jwd2006i-i  "mainlsmdata.f90", line 233: 'inlu' is declared but never referenced.
  jwd2004i-i  "mainlsmdata.f90", line 297: 'itilez' is set but never used.
  jwd8206o-i  "mainlsmdata.f90", line 373: Division is changed to multiplication by reciprocal.
  jwd8206o-i  "mainlsmdata.f90", line 374: Division is changed to multiplication by reciprocal.
  jwd8206o-i  "mainlsmdata.f90", line 404: Division is changed to multiplication by reciprocal.
  jwd8206o-i  "mainlsmdata.f90", line 405: Division is changed to multiplication by reciprocal.
  jwd8206o-i  "mainlsmdata.f90", line 406: Division is changed to multiplication by reciprocal.
  jwd8206o-i  "mainlsmdata.f90", line 407: Division is changed to multiplication by reciprocal.
  jwd2004i-i  "mainlsmdata.f90", line 415: 'pntile' is set but never used.
  jwd8209o-i  "mainlsmdata.f90", line 492: Evaluation order of polynomial expression is changed according to commutative law of addition and multiplication.
  jwd2754i-i  "mainlsmdata.f90", line 533: The allocatable assignment of the Fortran 2003 or later standard is not operated. To operate as the allocatable assignment, specify -Nalloc_assign compiler option.
  jwd8209o-i  "mainlsmdata.f90", line 558: Evaluation order of polynomial expression is changed according to commutative law of addition and multiplication.
  jwd8209o-i  "mainlsmdata.f90", line 571: Evaluation order of polynomial expression is changed according to commutative law of addition and multiplication.
  jwd8209o-i  "mainlsmdata.f90", line 574: Evaluation order of polynomial expression is changed according to commutative law of addition and multiplication.
  jwd8209o-i  "mainlsmdata.f90", line 608: Evaluation order of polynomial expression is changed according to commutative law of addition and multiplication.
  jwd8209o-i  "mainlsmdata.f90", line 616: Evaluation order of polynomial expression is changed according to commutative law of addition and multiplication.
  jwd2754i-i  "mainlsmdata.f90", line 646: The allocatable assignment of the Fortran 2003 or later standard is not operated. To operate as the allocatable assignment, specify -Nalloc_assign compiler option.
  jwd2754i-i  "mainlsmdata.f90", line 687: The allocatable assignment of the Fortran 2003 or later standard is not operated. To operate as the allocatable assignment, specify -Nalloc_assign compiler option.
  jwd2754i-i  "mainlsmdata.f90", line 717: The allocatable assignment of the Fortran 2003 or later standard is not operated. To operate as the allocatable assignment, specify -Nalloc_assign compiler option.
Fortran diagnostic messages: program name(pt4_intp)
  jwd8220o-i  "mainlsmdata.f90", line 792: Optimizations is performed in this program unit with possibility of side effects. See informational messages below to determine which such optimizations have been performed.
  jwd8209o-i  "mainlsmdata.f90", line 807: Evaluation order of polynomial expression is changed according to commutative law of addition and multiplication.
  jwd8209o-i  "mainlsmdata.f90", line 811: Evaluation order of polynomial expression is changed according to commutative law of addition and multiplication.
Fortran diagnostic messages: program name(pt8_intp)
  jwd8220o-i  "mainlsmdata.f90", line 826: Optimizations is performed in this program unit with possibility of side effects. See informational messages below to determine which such optimizations have been performed.
  jwd8209o-i  "mainlsmdata.f90", line 885: Evaluation order of polynomial expression is changed according to commutative law of addition and multiplication.
cpp -C -P -I. maxmin.F >maxmin.i
sed -e '/^\/\*/,/\*\/$/d' -e '/^ *$/d' maxmin.i >maxmin.f90
frtpx -O3 -Kfast -CcdRR8 -c maxmin.f90
cpp -C -P -I. setlatlon.F >setlatlon.i
sed -e '/^\/\*/,/\*\/$/d' -e '/^ *$/d' setlatlon.i >setlatlon.f90
frtpx -O3 -Kfast -CcdRR8 -c setlatlon.f90
Fortran diagnostic messages: program name(setlatlon)
  jwd8220o-i  "setlatlon.f90", line 1: Optimizations is performed in this program unit with possibility of side effects. See informational messages below to determine which such optimizations have been performed.
  jwd2004i-i  "setlatlon.f90", line 40: 'latr2' is set but never used.
  jwd2004i-i  "setlatlon.f90", line 40: 'latg2' is set but never used.
  jwd2004i-i  "setlatlon.f90", line 41: 'lnt22' is set but never used.
  jwd2004i-i  "setlatlon.f90", line 41: 'lnt2' is set but never used.
  jwd2004i-i  "setlatlon.f90", line 41: 'levp1' is set but never used.
  jwd2004i-i  "setlatlon.f90", line 41: 'levm1' is set but never used.
  jwd2004i-i  "setlatlon.f90", line 41: 'levh' is set but never used.
  jwd2004i-i  "setlatlon.f90", line 42: 'lntod' is set but never used.
  jwd2004i-i  "setlatlon.f90", line 42: 'lnted' is set but never used.
  jwd2004i-i  "setlatlon.f90", line 43: 'lonrx' is set but never used.
  jwd2004i-i  "setlatlon.f90", line 43: 'lonfx' is set but never used.
  jwd2004i-i  "setlatlon.f90", line 44: 'lonb22' is set but never used.
  jwd2004i-i  "setlatlon.f90", line 44: 'lonb2' is set but never used.
  jwd2004i-i  "setlatlon.f90", line 44: 'latb2' is set but never used.
  jwd2004i-i  "setlatlon.f90", line 44: 'jromb' is set but never used.
  jwd2004i-i  "setlatlon.f90", line 45: 'lonr22' is set but never used.
  jwd2004i-i  "setlatlon.f90", line 45: 'lonr2' is set but never used.
  jwd2004i-i  "setlatlon.f90", line 45: 'lonf22' is set but never used.
  jwd2004i-i  "setlatlon.f90", line 45: 'lonf2' is set but never used.
  jwd2004i-i  "setlatlon.f90", line 46: 'lnut22' is set but never used.
  jwd2004i-i  "setlatlon.f90", line 46: 'lnut2' is set but never used.
  jwd2004i-i  "setlatlon.f90", line 46: 'lnu2' is set but never used.
  jwd2004i-i  "setlatlon.f90", line 46: 'twoj1' is set but never used.
  jwd2004i-i  "setlatlon.f90", line 47: 'nvect_d' is set but never used.
  jwd2004i-i  "setlatlon.f90", line 48: 'latgd' is set but never used.
  jwd2004i-i  "setlatlon.f90", line 48: 'nypt' is set but never used.
  jwd2004i-i  "setlatlon.f90", line 49: 'ncldb' is set but never used.
  jwd2004i-i  "setlatlon.f90", line 50: 'nmtvr' is set but never used.
  jwd2004i-i  "setlatlon.f90", line 50: 'lsoil' is set but never used.
  jwd2006i-i  "setlatlon.f90", line 51: 'mtnres' is declared but never referenced.
  jwd2004i-i  "setlatlon.f90", line 52: 'levro' is set but never used.
  jwd2004i-i  "setlatlon.f90", line 52: 'jgrd1o' is set but never used.
  jwd2004i-i  "setlatlon.f90", line 52: 'igrd1o' is set but never used.
  jwd2004i-i  "setlatlon.f90", line 52: 'levri' is set but never used.
  jwd2004i-i  "setlatlon.f90", line 52: 'jgrd1i' is set but never used.
  jwd2004i-i  "setlatlon.f90", line 52: 'igrd1i' is set but never used.
  jwd2004i-i  "setlatlon.f90", line 53: 'ksph' is set but never used.
  jwd2004i-i  "setlatlon.f90", line 53: 'ilor' is set but never used.
  jwd2004i-i  "setlatlon.f90", line 53: 'klot' is set but never used.
  jwd2004i-i  "setlatlon.f90", line 53: 'jlot' is set but never used.
  jwd2004i-i  "setlatlon.f90", line 53: 'ilot' is set but never used.
  jwd2004i-i  "setlatlon.f90", line 54: 'num_p2d' is set but never used.
  jwd2004i-i  "setlatlon.f90", line 54: 'num_p3d' is set but never used.
  jwd2006i-i  "setlatlon.f90", line 141: 'jgrdcut' is declared but never referenced.
  jwd2006i-i  "setlatlon.f90", line 141: 'igrdcut' is declared but never referenced.
  jwd2004i-i  "setlatlon.f90", line 141: 'rmlvark' is set but never used.
  jwd2004i-i  "setlatlon.f90", line 141: 'rslvark' is set but never used.
  jwd2004i-i  "setlatlon.f90", line 141: 'rltstp' is set but never used.
  jwd2004i-i  "setlatlon.f90", line 141: 'rlpnt' is set but never used.
  jwd2004i-i  "setlatlon.f90", line 141: 'bgf' is set but never used.
  jwd2004i-i  "setlatlon.f90", line 141: 'bsmooth' is set but never used.
  jwd2004i-i  "setlatlon.f90", line 141: 'border' is set but never used.
  jwd2004i-i  "setlatlon.f90", line 141: 'rgen' is set but never used.
  jwd2004i-i  "setlatlon.f90", line 141: 'levrm1' is set but never used.
  jwd2004i-i  "setlatlon.f90", line 141: 'levrp1' is set but never used.
  jwd2004i-i  "setlatlon.f90", line 141: 'clngrd' is set but never used.
  jwd2004i-i  "setlatlon.f90", line 141: 'lnwav' is set but never used.
  jwd2004i-i  "setlatlon.f90", line 141: 'jumpry' is set but never used.
  jwd2004i-i  "setlatlon.f90", line 141: 'jumpr' is set but never used.
  jwd2004i-i  "setlatlon.f90", line 146: 'np' is set but never used.
  jwd2004i-i  "setlatlon.f90", line 146: 'nv' is set but never used.
  jwd2004i-i  "setlatlon.f90", line 146: 'nu' is set but never used.
  jwd2004i-i  "setlatlon.f90", line 146: 'nq' is set but never used.
  jwd2004i-i  "setlatlon.f90", line 146: 'nt' is set but never used.
  jwd2004i-i  "setlatlon.f90", line 147: 'order' is set but never used.
  jwd8209o-i  "setlatlon.f90", line 259: Evaluation order of polynomial expression is changed according to commutative law of addition and multiplication.
  jwd8209o-i  "setlatlon.f90", line 260: Evaluation order of polynomial expression is changed according to commutative law of addition and multiplication.
  jwd8206o-i  "setlatlon.f90", line 284: Division is changed to multiplication by reciprocal.
  jwd8209o-i  "setlatlon.f90", line 303: Evaluation order of polynomial expression is changed according to commutative law of addition and multiplication.
  jwd8209o-i  "setlatlon.f90", line 304: Evaluation order of polynomial expression is changed according to commutative law of addition and multiplication.
  jwd8209o-i  "setlatlon.f90", line 311: Evaluation order of polynomial expression is changed according to commutative law of addition and multiplication.
  jwd8206o-i  "setlatlon.f90", line 313: Division is changed to multiplication by reciprocal.
  jwd8206o-i  "setlatlon.f90", line 315: Division is changed to multiplication by reciprocal.
  jwd8209o-i  "setlatlon.f90", line 331: Evaluation order of polynomial expression is changed according to commutative law of addition and multiplication.
  jwd8206o-i  "setlatlon.f90", line 332: Division is changed to multiplication by reciprocal.
  jwd8209o-i  "setlatlon.f90", line 332: Evaluation order of polynomial expression is changed according to commutative law of addition and multiplication.
  jwd8206o-i  "setlatlon.f90", line 335: Division is changed to multiplication by reciprocal.
  jwd8209o-i  "setlatlon.f90", line 335: Evaluation order of polynomial expression is changed according to commutative law of addition and multiplication.
cpp -C -P -I. write_to_grads.F >write_to_grads.i
sed -e '/^\/\*/,/\*\/$/d' -e '/^ *$/d' write_to_grads.i >write_to_grads.f90
frtpx -O3 -Kfast -CcdRR8 -c write_to_grads.f90
Fortran diagnostic messages: program name(write_to_grads)
  jwd8220o-i  "write_to_grads.f90", line 1: Optimizations is performed in this program unit with possibility of side effects. See informational messages below to determine which such optimizations have been performed.
  jwd8209o-i  "write_to_grads.f90", line 13: Evaluation order of polynomial expression is changed according to commutative law of addition and multiplication.
cpp -C -P -I. ful2sgl.F >ful2sgl.i
sed -e '/^\/\*/,/\*\/$/d' -e '/^ *$/d' ful2sgl.i >ful2sgl.f90
frtpx -O3 -Kfast -CcdRR8 -c ful2sgl.f90
cpp -C -P -I. la2ga.F >la2ga.i
sed -e '/^\/\*/,/\*\/$/d' -e '/^ *$/d' la2ga.i >la2ga.f90
frtpx -O3 -Kfast -CcdRR8 -c la2ga.f90
Fortran diagnostic messages: program name(la2ga)
  jwd8220o-i  "la2ga.f90", line 1: Optimizations is performed in this program unit with possibility of side effects. See informational messages below to determine which such optimizations have been performed.
  jwd2004i-i  "la2ga.f90", line 92: 'len_thread' is set but never used.
  jwd8208o-i  "la2ga.f90", line 257: Method of calculating sum or product is changed.
  jwd8208o-i  "la2ga.f90", line 258: Method of calculating sum or product is changed.
  jwd8220o-i  "la2ga.f90", line 298: Optimizations is performed in this program unit with possibility of side effects. See informational messages below to determine which such optimizations have been performed.
  jwd2004i-i  "la2ga.f90", line 338: 'kmami' is set but never used.
  jwd8209o-i  "la2ga.f90", line 361: Evaluation order of polynomial expression is changed according to commutative law of addition and multiplication.
  jwd8209o-i  "la2ga.f90", line 363: Evaluation order of polynomial expression is changed according to commutative law of addition and multiplication.
  jwd8209o-i  "la2ga.f90", line 377: Evaluation order of polynomial expression is changed according to commutative law of addition and multiplication.
  jwd8209o-i  "la2ga.f90", line 383: Evaluation order of polynomial expression is changed according to commutative law of addition and multiplication.
  jwd8209o-i  "la2ga.f90", line 397: Evaluation order of polynomial expression is changed according to commutative law of addition and multiplication.
  jwd8209o-i  "la2ga.f90", line 401: Evaluation order of polynomial expression is changed according to commutative law of addition and multiplication.
  jwd8209o-i  "la2ga.f90", line 417: Evaluation order of polynomial expression is changed according to commutative law of addition and multiplication.
  jwd8209o-i  "la2ga.f90", line 421: Evaluation order of polynomial expression is changed according to commutative law of addition and multiplication.
  jwd8220o-i  "la2ga.f90", line 453: Optimizations is performed in this program unit with possibility of side effects. See informational messages below to determine which such optimizations have been performed.
cpp -C -P -I. sgl2ful.F >sgl2ful.i
sed -e '/^\/\*/,/\*\/$/d' -e '/^ *$/d' sgl2ful.i >sgl2ful.f90
frtpx -O3 -Kfast -CcdRR8 -c sgl2ful.f90
frtpx -O3 -Kfast -CcdRR8 -o rlsmdata.x machine.o physcons.o mainlsmdata.o maxmin.o setlatlon.o write_to_grads.o ful2sgl.o la2ga.o sgl2ful.o 
+ cp rlsmdata.x /nwpr/gfs/xb169/GEPSv3/rsm/run/exe/rlsmdata.x
+ echo ' finish rlsmdata'
 finish rlsmdata
+ '[' yes = yes ']'
+ echo '######  compile regional 3DRT data ####'
######  compile regional 3DRT data ####
+ cd /nwpr/gfs/xb169/GEPSv3/rsm/wrk/dir_cmp
+ mkdir -p cmp_r3drtdata
+ cd cmp_r3drtdata
+ set -x
+ cd /nwpr/gfs/xb169/GEPSv3/rsm/src/rsm_3drt.fd
+ tar cvf /nwpr/gfs/xb169/GEPSv3/rsm/wrk/dir_cmp/cmp_r3drtdata/534857tmp Makefile_3drt cut_tile.F ful2sgl.F la2ga.F machine.F main_3drt.F maxmin.F physcons.F rsm_interp.F setlatlon.F sgl2ful.F write_to_grads.F define.h ncolrowi.h paramodel.h rscomloc.h
Makefile_3drt
cut_tile.F
ful2sgl.F
la2ga.F
machine.F
main_3drt.F
maxmin.F
physcons.F
rsm_interp.F
setlatlon.F
sgl2ful.F
write_to_grads.F
define.h
ncolrowi.h
paramodel.h
rscomloc.h
+ echo 'after create tar file'
after create tar file
+ cd /nwpr/gfs/xb169/GEPSv3/rsm/wrk/dir_cmp/cmp_r3drtdata
+ tar xvf 534857tmp
Makefile_3drt
cut_tile.F
ful2sgl.F
la2ga.F
machine.F
main_3drt.F
maxmin.F
physcons.F
rsm_interp.F
setlatlon.F
sgl2ful.F
write_to_grads.F
define.h
ncolrowi.h
paramodel.h
rscomloc.h
+ echo 'after untar tar file'
after untar tar file
+ rm -rf 534857tmp
+ cp -f /nwpr/gfs/xb169/GEPSv3/rsm/wrk/dir_cmp/include/defdim.h /nwpr/gfs/xb169/GEPSv3/rsm/wrk/dir_cmp/include/defopt.h /nwpr/gfs/xb169/GEPSv3/rsm/wrk/dir_cmp/include/inp_defdim.h /nwpr/gfs/xb169/GEPSv3/rsm/wrk/dir_cmp/include/inp_defopt.h /nwpr/gfs/xb169/GEPSv3/rsm/wrk/dir_cmp/include/inpint_defdim.h /nwpr/gfs/xb169/GEPSv3/rsm/wrk/dir_cmp/include/ncolrowi.h /nwpr/gfs/xb169/GEPSv3/rsm/wrk/dir_cmp/include/ncpu.h /nwpr/gfs/xb169/GEPSv3/rsm/wrk/dir_cmp/include/npesi.h .
+ make -f Makefile_3drt clean
rm -f *.o *.f90 *.mod core
+ make -f Makefile_3drt
cpp -C -P -I. machine.F >machine.i
sed -e '/^\/\*/,/\*\/$/d' -e '/^ *$/d' machine.i >machine.f90 ; rm machine.i
frtpx -O3 -Kfast -CcdRR8 -I/nwpr/gfs/xb169/GEPSv3/rsm/lib/netcdf-3.6.3/include -c machine.f90
cpp -C -P -I. physcons.F >physcons.i
sed -e '/^\/\*/,/\*\/$/d' -e '/^ *$/d' physcons.i >physcons.f90 ; rm physcons.i
frtpx -O3 -Kfast -CcdRR8 -I/nwpr/gfs/xb169/GEPSv3/rsm/lib/netcdf-3.6.3/include -c physcons.f90
cpp -C -P -I. main_3drt.F >main_3drt.i
main_3drt.F:33:39: warning: missing terminating ' character
 !     read "tile_3drt.bin" and RSM/MSM's domain setting and interpolate
                                       ^
main_3drt.F:49:72: warning: missing terminating " character
 ! There are 5 varibles we want to retrieve from the netcdf file, check "ncdump
                                                                        ^
main_3drt.F:50:5: warning: missing terminating " character
 ! -h" of the file)
     ^
sed -e '/^\/\*/,/\*\/$/d' -e '/^ *$/d' main_3drt.i >main_3drt.f90 ; rm main_3drt.i
frtpx -O3 -Kfast -CcdRR8 -I/nwpr/gfs/xb169/GEPSv3/rsm/lib/netcdf-3.6.3/include -c main_3drt.f90
Fortran diagnostic messages: program name(main_3drt)
  jwd2004i-i  "main_3drt.f90", line 8: 'latr2' is set but never used.
  jwd2004i-i  "main_3drt.f90", line 8: 'latg2' is set but never used.
  jwd2004i-i  "main_3drt.f90", line 9: 'lnt22' is set but never used.
  jwd2004i-i  "main_3drt.f90", line 9: 'lnt2' is set but never used.
  jwd2004i-i  "main_3drt.f90", line 9: 'levp1' is set but never used.
  jwd2004i-i  "main_3drt.f90", line 9: 'levm1' is set but never used.
  jwd2004i-i  "main_3drt.f90", line 9: 'levh' is set but never used.
  jwd2004i-i  "main_3drt.f90", line 10: 'lntod' is set but never used.
  jwd2004i-i  "main_3drt.f90", line 10: 'lnted' is set but never used.
  jwd2004i-i  "main_3drt.f90", line 11: 'lonrx' is set but never used.
  jwd2004i-i  "main_3drt.f90", line 11: 'lonfx' is set but never used.
  jwd2004i-i  "main_3drt.f90", line 12: 'lonb22' is set but never used.
  jwd2004i-i  "main_3drt.f90", line 12: 'lonb2' is set but never used.
  jwd2004i-i  "main_3drt.f90", line 12: 'latb2' is set but never used.
  jwd2004i-i  "main_3drt.f90", line 12: 'jromb' is set but never used.
  jwd2004i-i  "main_3drt.f90", line 13: 'lonr22' is set but never used.
  jwd2004i-i  "main_3drt.f90", line 13: 'lonr2' is set but never used.
  jwd2004i-i  "main_3drt.f90", line 13: 'lonf22' is set but never used.
  jwd2004i-i  "main_3drt.f90", line 13: 'lonf2' is set but never used.
  jwd2004i-i  "main_3drt.f90", line 14: 'lnut22' is set but never used.
  jwd2004i-i  "main_3drt.f90", line 14: 'lnut2' is set but never used.
  jwd2004i-i  "main_3drt.f90", line 14: 'lnu2' is set but never used.
  jwd2004i-i  "main_3drt.f90", line 14: 'twoj1' is set but never used.
  jwd2004i-i  "main_3drt.f90", line 15: 'nvect_d' is set but never used.
  jwd2004i-i  "main_3drt.f90", line 16: 'latgd' is set but never used.
  jwd2004i-i  "main_3drt.f90", line 16: 'nypt' is set but never used.
  jwd2004i-i  "main_3drt.f90", line 17: 'ncldb' is set but never used.
  jwd2004i-i  "main_3drt.f90", line 18: 'nmtvr' is set but never used.
  jwd2004i-i  "main_3drt.f90", line 18: 'lsoil' is set but never used.
  jwd2006i-i  "main_3drt.f90", line 19: 'mtnres' is declared but never referenced.
  jwd2004i-i  "main_3drt.f90", line 20: 'levro' is set but never used.
  jwd2004i-i  "main_3drt.f90", line 20: 'jgrd1o' is set but never used.
  jwd2004i-i  "main_3drt.f90", line 20: 'igrd1o' is set but never used.
  jwd2004i-i  "main_3drt.f90", line 20: 'levri' is set but never used.
  jwd2004i-i  "main_3drt.f90", line 20: 'jgrd1i' is set but never used.
  jwd2004i-i  "main_3drt.f90", line 20: 'igrd1i' is set but never used.
  jwd2004i-i  "main_3drt.f90", line 21: 'ksph' is set but never used.
  jwd2004i-i  "main_3drt.f90", line 21: 'ilor' is set but never used.
  jwd2004i-i  "main_3drt.f90", line 21: 'klot' is set but never used.
  jwd2004i-i  "main_3drt.f90", line 21: 'jlot' is set but never used.
  jwd2004i-i  "main_3drt.f90", line 21: 'ilot' is set but never used.
  jwd2004i-i  "main_3drt.f90", line 22: 'num_p2d' is set but never used.
  jwd2004i-i  "main_3drt.f90", line 22: 'num_p3d' is set but never used.
  jwd2006i-i  "main_3drt.f90", line 109: 'jgrdcut' is declared but never referenced.
  jwd2006i-i  "main_3drt.f90", line 109: 'igrdcut' is declared but never referenced.
  jwd2004i-i  "main_3drt.f90", line 109: 'rmlvark' is set but never used.
  jwd2004i-i  "main_3drt.f90", line 109: 'rslvark' is set but never used.
  jwd2004i-i  "main_3drt.f90", line 109: 'rltstp' is set but never used.
  jwd2004i-i  "main_3drt.f90", line 109: 'rlpnt' is set but never used.
  jwd2004i-i  "main_3drt.f90", line 109: 'bgf' is set but never used.
  jwd2004i-i  "main_3drt.f90", line 109: 'bsmooth' is set but never used.
  jwd2004i-i  "main_3drt.f90", line 109: 'border' is set but never used.
  jwd2004i-i  "main_3drt.f90", line 109: 'rgen' is set but never used.
  jwd2004i-i  "main_3drt.f90", line 109: 'levrm1' is set but never used.
  jwd2004i-i  "main_3drt.f90", line 109: 'levrp1' is set but never used.
  jwd2004i-i  "main_3drt.f90", line 109: 'clngrd' is set but never used.
  jwd2004i-i  "main_3drt.f90", line 109: 'lnwav' is set but never used.
  jwd2004i-i  "main_3drt.f90", line 109: 'lngrd' is set but never used.
  jwd2004i-i  "main_3drt.f90", line 109: 'jumpry' is set but never used.
  jwd2004i-i  "main_3drt.f90", line 109: 'jumpr' is set but never used.
  jwd2004i-i  "main_3drt.f90", line 114: 'np' is set but never used.
  jwd2004i-i  "main_3drt.f90", line 114: 'nv' is set but never used.
  jwd2004i-i  "main_3drt.f90", line 114: 'nu' is set but never used.
  jwd2004i-i  "main_3drt.f90", line 114: 'nq' is set but never used.
  jwd2004i-i  "main_3drt.f90", line 114: 'nt' is set but never used.
  jwd2004i-i  "main_3drt.f90", line 115: 'order' is set but never used.
cpp -C -P -I. cut_tile.F >cut_tile.i
cut_tile.F:256:64: warning: missing terminating ' character
 !     Each of the netCDF variables has a "units" attribute. Let's read
                                                                ^
sed -e '/^\/\*/,/\*\/$/d' -e '/^ *$/d' cut_tile.i >cut_tile.f90 ; rm cut_tile.i
frtpx -O3 -Kfast -CcdRR8 -I/nwpr/gfs/xb169/GEPSv3/rsm/lib/netcdf-3.6.3/include -c cut_tile.f90
Fortran diagnostic messages: program name(cut_tile)
  jwd2006i-i  "cut_tile.f90", line 52: 'lon_dimid' is declared but never referenced.
  jwd2006i-i  "cut_tile.f90", line 52: 'lat_dimid' is declared but never referenced.
  jwd2006i-i  "cut_tile.f90", line 66: 'dimids' is declared but never referenced.
  jwd2006i-i  "cut_tile.f90", line 85: 'tmplats' is declared but never referenced.
  jwd2006i-i  "cut_tile.f90", line 85: 'tmplons' is declared but never referenced.
  jwd2006i-i  "cut_tile.f90", line 85: 'datain' is declared but never referenced.
  jwd2006i-i  "cut_tile.f90", line 100: 'lon' is declared but never referenced.
  jwd2006i-i  "cut_tile.f90", line 100: 'lat' is declared but never referenced.
  jwd2004i-i  "/nwpr/gfs/xb169/GEPSv3/rsm/lib/netcdf-3.6.3/include/netcdf.inc", line 10: 'nf_int1' is set but never used.
  jwd2004i-i  "/nwpr/gfs/xb169/GEPSv3/rsm/lib/netcdf-3.6.3/include/netcdf.inc", line 11: 'nf_char' is set but never used.
  jwd2004i-i  "/nwpr/gfs/xb169/GEPSv3/rsm/lib/netcdf-3.6.3/include/netcdf.inc", line 13: 'nf_int2' is set but never used.
  jwd2004i-i  "/nwpr/gfs/xb169/GEPSv3/rsm/lib/netcdf-3.6.3/include/netcdf.inc", line 14: 'nf_int' is set but never used.
  jwd2004i-i  "/nwpr/gfs/xb169/GEPSv3/rsm/lib/netcdf-3.6.3/include/netcdf.inc", line 16: 'nf_real' is set but never used.
  jwd2004i-i  "/nwpr/gfs/xb169/GEPSv3/rsm/lib/netcdf-3.6.3/include/netcdf.inc", line 17: 'nf_double' is set but never used.
  jwd2004i-i  "/nwpr/gfs/xb169/GEPSv3/rsm/lib/netcdf-3.6.3/include/netcdf.inc", line 33: 'nf_fill_int1' is set but never used.
  jwd2004i-i  "/nwpr/gfs/xb169/GEPSv3/rsm/lib/netcdf-3.6.3/include/netcdf.inc", line 34: 'nf_fill_char' is set but never used.
  jwd2004i-i  "/nwpr/gfs/xb169/GEPSv3/rsm/lib/netcdf-3.6.3/include/netcdf.inc", line 36: 'nf_fill_int2' is set but never used.
  jwd2004i-i  "/nwpr/gfs/xb169/GEPSv3/rsm/lib/netcdf-3.6.3/include/netcdf.inc", line 37: 'nf_fill_int' is set but never used.
  jwd2004i-i  "/nwpr/gfs/xb169/GEPSv3/rsm/lib/netcdf-3.6.3/include/netcdf.inc", line 39: 'nf_fill_real' is set but never used.
  jwd2004i-i  "/nwpr/gfs/xb169/GEPSv3/rsm/lib/netcdf-3.6.3/include/netcdf.inc", line 40: 'nf_fill_double' is set but never used.
  jwd2004i-i  "/nwpr/gfs/xb169/GEPSv3/rsm/lib/netcdf-3.6.3/include/netcdf.inc", line 56: 'nf_write' is set but never used.
  jwd2004i-i  "/nwpr/gfs/xb169/GEPSv3/rsm/lib/netcdf-3.6.3/include/netcdf.inc", line 59: 'nf_fill' is set but never used.
  jwd2004i-i  "/nwpr/gfs/xb169/GEPSv3/rsm/lib/netcdf-3.6.3/include/netcdf.inc", line 60: 'nf_nofill' is set but never used.
  jwd2004i-i  "/nwpr/gfs/xb169/GEPSv3/rsm/lib/netcdf-3.6.3/include/netcdf.inc", line 61: 'nf_lock' is set but never used.
  jwd2004i-i  "/nwpr/gfs/xb169/GEPSv3/rsm/lib/netcdf-3.6.3/include/netcdf.inc", line 62: 'nf_share' is set but never used.
  jwd2004i-i  "/nwpr/gfs/xb169/GEPSv3/rsm/lib/netcdf-3.6.3/include/netcdf.inc", line 63: 'nf_64bit_offset' is set but never used.
  jwd2004i-i  "/nwpr/gfs/xb169/GEPSv3/rsm/lib/netcdf-3.6.3/include/netcdf.inc", line 64: 'nf_sizehint_default' is set but never used.
  jwd2004i-i  "/nwpr/gfs/xb169/GEPSv3/rsm/lib/netcdf-3.6.3/include/netcdf.inc", line 65: 'nf_align_chunk' is set but never used.
  jwd2004i-i  "/nwpr/gfs/xb169/GEPSv3/rsm/lib/netcdf-3.6.3/include/netcdf.inc", line 66: 'nf_format_classic' is set but never used.
  jwd2004i-i  "/nwpr/gfs/xb169/GEPSv3/rsm/lib/netcdf-3.6.3/include/netcdf.inc", line 67: 'nf_format_64bit' is set but never used.
  jwd2004i-i  "/nwpr/gfs/xb169/GEPSv3/rsm/lib/netcdf-3.6.3/include/netcdf.inc", line 86: 'nf_unlimited' is set but never used.
  jwd2004i-i  "/nwpr/gfs/xb169/GEPSv3/rsm/lib/netcdf-3.6.3/include/netcdf.inc", line 92: 'nf_global' is set but never used.
  jwd2004i-i  "/nwpr/gfs/xb169/GEPSv3/rsm/lib/netcdf-3.6.3/include/netcdf.inc", line 99: 'nf_max_attrs' is set but never used.
  jwd2004i-i  "/nwpr/gfs/xb169/GEPSv3/rsm/lib/netcdf-3.6.3/include/netcdf.inc", line 100: 'nf_max_vars' is set but never used.
  jwd2004i-i  "/nwpr/gfs/xb169/GEPSv3/rsm/lib/netcdf-3.6.3/include/netcdf.inc", line 101: 'nf_max_name' is set but never used.
  jwd2004i-i  "/nwpr/gfs/xb169/GEPSv3/rsm/lib/netcdf-3.6.3/include/netcdf.inc", line 102: 'nf_max_var_dims' is set but never used.
  jwd2004i-i  "/nwpr/gfs/xb169/GEPSv3/rsm/lib/netcdf-3.6.3/include/netcdf.inc", line 134: 'nf_eunlimit' is set but never used.
  jwd2004i-i  "/nwpr/gfs/xb169/GEPSv3/rsm/lib/netcdf-3.6.3/include/netcdf.inc", line 135: 'nf_enorecvars' is set but never used.
  jwd2004i-i  "/nwpr/gfs/xb169/GEPSv3/rsm/lib/netcdf-3.6.3/include/netcdf.inc", line 136: 'nf_echar' is set but never used.
  jwd2004i-i  "/nwpr/gfs/xb169/GEPSv3/rsm/lib/netcdf-3.6.3/include/netcdf.inc", line 137: 'nf_eedge' is set but never used.
  jwd2004i-i  "/nwpr/gfs/xb169/GEPSv3/rsm/lib/netcdf-3.6.3/include/netcdf.inc", line 138: 'nf_estride' is set but never used.
  jwd2004i-i  "/nwpr/gfs/xb169/GEPSv3/rsm/lib/netcdf-3.6.3/include/netcdf.inc", line 139: 'nf_ebadname' is set but never used.
  jwd2004i-i  "/nwpr/gfs/xb169/GEPSv3/rsm/lib/netcdf-3.6.3/include/netcdf.inc", line 140: 'nf_erange' is set but never used.
  jwd2004i-i  "/nwpr/gfs/xb169/GEPSv3/rsm/lib/netcdf-3.6.3/include/netcdf.inc", line 141: 'nf_enomem' is set but never used.
  jwd2004i-i  "/nwpr/gfs/xb169/GEPSv3/rsm/lib/netcdf-3.6.3/include/netcdf.inc", line 142: 'nf_evarsize' is set but never used.
  jwd2004i-i  "/nwpr/gfs/xb169/GEPSv3/rsm/lib/netcdf-3.6.3/include/netcdf.inc", line 143: 'nf_edimsize' is set but never used.
  jwd2004i-i  "/nwpr/gfs/xb169/GEPSv3/rsm/lib/netcdf-3.6.3/include/netcdf.inc", line 144: 'nf_etrunc' is set but never used.
  jwd2004i-i  "/nwpr/gfs/xb169/GEPSv3/rsm/lib/netcdf-3.6.3/include/netcdf.inc", line 181: 'nf_fatal' is set but never used.
  jwd2004i-i  "/nwpr/gfs/xb169/GEPSv3/rsm/lib/netcdf-3.6.3/include/netcdf.inc", line 182: 'nf_verbose' is set but never used.
  jwd2004i-i  "/nwpr/gfs/xb169/GEPSv3/rsm/lib/netcdf-3.6.3/include/netcdf.inc", line 1140: 'nccreat' is set but never used.
  jwd2004i-i  "/nwpr/gfs/xb169/GEPSv3/rsm/lib/netcdf-3.6.3/include/netcdf.inc", line 1141: 'ncexcl' is set but never used.
  jwd2004i-i  "/nwpr/gfs/xb169/GEPSv3/rsm/lib/netcdf-3.6.3/include/netcdf.inc", line 1142: 'ncindef' is set but never used.
  jwd2004i-i  "/nwpr/gfs/xb169/GEPSv3/rsm/lib/netcdf-3.6.3/include/netcdf.inc", line 1143: 'ncnsync' is set but never used.
  jwd2004i-i  "/nwpr/gfs/xb169/GEPSv3/rsm/lib/netcdf-3.6.3/include/netcdf.inc", line 1144: 'nchsync' is set but never used.
  jwd2004i-i  "/nwpr/gfs/xb169/GEPSv3/rsm/lib/netcdf-3.6.3/include/netcdf.inc", line 1145: 'ncndirty' is set but never used.
  jwd2004i-i  "/nwpr/gfs/xb169/GEPSv3/rsm/lib/netcdf-3.6.3/include/netcdf.inc", line 1146: 'nchdirty' is set but never used.
  jwd2004i-i  "/nwpr/gfs/xb169/GEPSv3/rsm/lib/netcdf-3.6.3/include/netcdf.inc", line 1147: 'nclink' is set but never used.
  jwd2004i-i  "/nwpr/gfs/xb169/GEPSv3/rsm/lib/netcdf-3.6.3/include/netcdf.inc", line 1148: 'ncnowrit' is set but never used.
  jwd2004i-i  "/nwpr/gfs/xb169/GEPSv3/rsm/lib/netcdf-3.6.3/include/netcdf.inc", line 1149: 'ncwrite' is set but never used.
  jwd2004i-i  "/nwpr/gfs/xb169/GEPSv3/rsm/lib/netcdf-3.6.3/include/netcdf.inc", line 1150: 'ncclob' is set but never used.
  jwd2004i-i  "/nwpr/gfs/xb169/GEPSv3/rsm/lib/netcdf-3.6.3/include/netcdf.inc", line 1151: 'ncnoclob' is set but never used.
  jwd2004i-i  "/nwpr/gfs/xb169/GEPSv3/rsm/lib/netcdf-3.6.3/include/netcdf.inc", line 1152: 'ncglobal' is set but never used.
  jwd2004i-i  "/nwpr/gfs/xb169/GEPSv3/rsm/lib/netcdf-3.6.3/include/netcdf.inc", line 1153: 'ncfill' is set but never used.
  jwd2004i-i  "/nwpr/gfs/xb169/GEPSv3/rsm/lib/netcdf-3.6.3/include/netcdf.inc", line 1154: 'ncnofill' is set but never used.
  jwd2004i-i  "/nwpr/gfs/xb169/GEPSv3/rsm/lib/netcdf-3.6.3/include/netcdf.inc", line 1155: 'maxncop' is set but never used.
  jwd2004i-i  "/nwpr/gfs/xb169/GEPSv3/rsm/lib/netcdf-3.6.3/include/netcdf.inc", line 1157: 'maxncatt' is set but never used.
  jwd2004i-i  "/nwpr/gfs/xb169/GEPSv3/rsm/lib/netcdf-3.6.3/include/netcdf.inc", line 1158: 'maxncvar' is set but never used.
  jwd2004i-i  "/nwpr/gfs/xb169/GEPSv3/rsm/lib/netcdf-3.6.3/include/netcdf.inc", line 1159: 'maxncnam' is set but never used.
  jwd2004i-i  "/nwpr/gfs/xb169/GEPSv3/rsm/lib/netcdf-3.6.3/include/netcdf.inc", line 1160: 'maxvdims' is set but never used.
  jwd2004i-i  "/nwpr/gfs/xb169/GEPSv3/rsm/lib/netcdf-3.6.3/include/netcdf.inc", line 1161: 'ncnoerr' is set but never used.
  jwd2004i-i  "/nwpr/gfs/xb169/GEPSv3/rsm/lib/netcdf-3.6.3/include/netcdf.inc", line 1162: 'ncebadid' is set but never used.
  jwd2004i-i  "/nwpr/gfs/xb169/GEPSv3/rsm/lib/netcdf-3.6.3/include/netcdf.inc", line 1163: 'ncenfile' is set but never used.
  jwd2004i-i  "/nwpr/gfs/xb169/GEPSv3/rsm/lib/netcdf-3.6.3/include/netcdf.inc", line 1164: 'nceexist' is set but never used.
  jwd2004i-i  "/nwpr/gfs/xb169/GEPSv3/rsm/lib/netcdf-3.6.3/include/netcdf.inc", line 1165: 'nceinval' is set but never used.
  jwd2004i-i  "/nwpr/gfs/xb169/GEPSv3/rsm/lib/netcdf-3.6.3/include/netcdf.inc", line 1166: 'nceperm' is set but never used.
  jwd2004i-i  "/nwpr/gfs/xb169/GEPSv3/rsm/lib/netcdf-3.6.3/include/netcdf.inc", line 1167: 'ncenotin' is set but never used.
  jwd2004i-i  "/nwpr/gfs/xb169/GEPSv3/rsm/lib/netcdf-3.6.3/include/netcdf.inc", line 1168: 'nceindef' is set but never used.
  jwd2004i-i  "/nwpr/gfs/xb169/GEPSv3/rsm/lib/netcdf-3.6.3/include/netcdf.inc", line 1169: 'ncecoord' is set but never used.
  jwd2004i-i  "/nwpr/gfs/xb169/GEPSv3/rsm/lib/netcdf-3.6.3/include/netcdf.inc", line 1170: 'ncemaxds' is set but never used.
  jwd2004i-i  "/nwpr/gfs/xb169/GEPSv3/rsm/lib/netcdf-3.6.3/include/netcdf.inc", line 1171: 'ncename' is set but never used.
  jwd2004i-i  "/nwpr/gfs/xb169/GEPSv3/rsm/lib/netcdf-3.6.3/include/netcdf.inc", line 1172: 'ncenoatt' is set but never used.
  jwd2004i-i  "/nwpr/gfs/xb169/GEPSv3/rsm/lib/netcdf-3.6.3/include/netcdf.inc", line 1173: 'ncemaxat' is set but never used.
  jwd2004i-i  "/nwpr/gfs/xb169/GEPSv3/rsm/lib/netcdf-3.6.3/include/netcdf.inc", line 1174: 'ncebadty' is set but never used.
  jwd2004i-i  "/nwpr/gfs/xb169/GEPSv3/rsm/lib/netcdf-3.6.3/include/netcdf.inc", line 1175: 'ncebadd' is set but never used.
  jwd2004i-i  "/nwpr/gfs/xb169/GEPSv3/rsm/lib/netcdf-3.6.3/include/netcdf.inc", line 1176: 'ncests' is set but never used.
  jwd2004i-i  "/nwpr/gfs/xb169/GEPSv3/rsm/lib/netcdf-3.6.3/include/netcdf.inc", line 1177: 'nceunlim' is set but never used.
  jwd2004i-i  "/nwpr/gfs/xb169/GEPSv3/rsm/lib/netcdf-3.6.3/include/netcdf.inc", line 1178: 'ncemaxvs' is set but never used.
  jwd2004i-i  "/nwpr/gfs/xb169/GEPSv3/rsm/lib/netcdf-3.6.3/include/netcdf.inc", line 1179: 'ncenotvr' is set but never used.
  jwd2004i-i  "/nwpr/gfs/xb169/GEPSv3/rsm/lib/netcdf-3.6.3/include/netcdf.inc", line 1180: 'nceglob' is set but never used.
  jwd2004i-i  "/nwpr/gfs/xb169/GEPSv3/rsm/lib/netcdf-3.6.3/include/netcdf.inc", line 1181: 'ncenotnc' is set but never used.
  jwd2004i-i  "/nwpr/gfs/xb169/GEPSv3/rsm/lib/netcdf-3.6.3/include/netcdf.inc", line 1182: 'ncfoobar' is set but never used.
  jwd2004i-i  "/nwpr/gfs/xb169/GEPSv3/rsm/lib/netcdf-3.6.3/include/netcdf.inc", line 1183: 'ncsyserr' is set but never used.
  jwd2004i-i  "/nwpr/gfs/xb169/GEPSv3/rsm/lib/netcdf-3.6.3/include/netcdf.inc", line 1184: 'ncfatal' is set but never used.
  jwd2004i-i  "/nwpr/gfs/xb169/GEPSv3/rsm/lib/netcdf-3.6.3/include/netcdf.inc", line 1185: 'ncverbos' is set but never used.
  jwd2004i-i  "/nwpr/gfs/xb169/GEPSv3/rsm/lib/netcdf-3.6.3/include/netcdf.inc", line 1186: 'ncentool' is set but never used.
  jwd2004i-i  "/nwpr/gfs/xb169/GEPSv3/rsm/lib/netcdf-3.6.3/include/netcdf.inc", line 1192: 'ncbyte' is set but never used.
  jwd2004i-i  "/nwpr/gfs/xb169/GEPSv3/rsm/lib/netcdf-3.6.3/include/netcdf.inc", line 1193: 'ncchar' is set but never used.
  jwd2004i-i  "/nwpr/gfs/xb169/GEPSv3/rsm/lib/netcdf-3.6.3/include/netcdf.inc", line 1194: 'ncshort' is set but never used.
  jwd2004i-i  "/nwpr/gfs/xb169/GEPSv3/rsm/lib/netcdf-3.6.3/include/netcdf.inc", line 1195: 'nclong' is set but never used.
  jwd2004i-i  "/nwpr/gfs/xb169/GEPSv3/rsm/lib/netcdf-3.6.3/include/netcdf.inc", line 1196: 'ncfloat' is set but never used.
  jwd2004i-i  "/nwpr/gfs/xb169/GEPSv3/rsm/lib/netcdf-3.6.3/include/netcdf.inc", line 1197: 'ncdouble' is set but never used.
  jwd2004i-i  "/nwpr/gfs/xb169/GEPSv3/rsm/lib/netcdf-3.6.3/include/netcdf.inc", line 1245: 'ncunlim' is set but never used.
  jwd2004i-i  "/nwpr/gfs/xb169/GEPSv3/rsm/lib/netcdf-3.6.3/include/netcdf.inc", line 1324: 'filbyte' is set but never used.
  jwd2004i-i  "/nwpr/gfs/xb169/GEPSv3/rsm/lib/netcdf-3.6.3/include/netcdf.inc", line 1325: 'filchar' is set but never used.
  jwd2004i-i  "/nwpr/gfs/xb169/GEPSv3/rsm/lib/netcdf-3.6.3/include/netcdf.inc", line 1326: 'filshort' is set but never used.
  jwd2004i-i  "/nwpr/gfs/xb169/GEPSv3/rsm/lib/netcdf-3.6.3/include/netcdf.inc", line 1327: 'fillong' is set but never used.
  jwd2004i-i  "/nwpr/gfs/xb169/GEPSv3/rsm/lib/netcdf-3.6.3/include/netcdf.inc", line 1328: 'filfloat' is set but never used.
  jwd2004i-i  "/nwpr/gfs/xb169/GEPSv3/rsm/lib/netcdf-3.6.3/include/netcdf.inc", line 1329: 'fildoub' is set but never used.
Fortran diagnostic messages: program name(handle_err)
  jwd2004i-i  "/nwpr/gfs/xb169/GEPSv3/rsm/lib/netcdf-3.6.3/include/netcdf.inc", line 10: 'nf_int1' is set but never used.
  jwd2004i-i  "/nwpr/gfs/xb169/GEPSv3/rsm/lib/netcdf-3.6.3/include/netcdf.inc", line 11: 'nf_char' is set but never used.
  jwd2004i-i  "/nwpr/gfs/xb169/GEPSv3/rsm/lib/netcdf-3.6.3/include/netcdf.inc", line 13: 'nf_int2' is set but never used.
  jwd2004i-i  "/nwpr/gfs/xb169/GEPSv3/rsm/lib/netcdf-3.6.3/include/netcdf.inc", line 14: 'nf_int' is set but never used.
  jwd2004i-i  "/nwpr/gfs/xb169/GEPSv3/rsm/lib/netcdf-3.6.3/include/netcdf.inc", line 16: 'nf_real' is set but never used.
  jwd2004i-i  "/nwpr/gfs/xb169/GEPSv3/rsm/lib/netcdf-3.6.3/include/netcdf.inc", line 17: 'nf_double' is set but never used.
  jwd2004i-i  "/nwpr/gfs/xb169/GEPSv3/rsm/lib/netcdf-3.6.3/include/netcdf.inc", line 33: 'nf_fill_int1' is set but never used.
  jwd2004i-i  "/nwpr/gfs/xb169/GEPSv3/rsm/lib/netcdf-3.6.3/include/netcdf.inc", line 34: 'nf_fill_char' is set but never used.
  jwd2004i-i  "/nwpr/gfs/xb169/GEPSv3/rsm/lib/netcdf-3.6.3/include/netcdf.inc", line 36: 'nf_fill_int2' is set but never used.
  jwd2004i-i  "/nwpr/gfs/xb169/GEPSv3/rsm/lib/netcdf-3.6.3/include/netcdf.inc", line 37: 'nf_fill_int' is set but never used.
  jwd2004i-i  "/nwpr/gfs/xb169/GEPSv3/rsm/lib/netcdf-3.6.3/include/netcdf.inc", line 39: 'nf_fill_real' is set but never used.
  jwd2004i-i  "/nwpr/gfs/xb169/GEPSv3/rsm/lib/netcdf-3.6.3/include/netcdf.inc", line 40: 'nf_fill_double' is set but never used.
  jwd2004i-i  "/nwpr/gfs/xb169/GEPSv3/rsm/lib/netcdf-3.6.3/include/netcdf.inc", line 55: 'nf_nowrite' is set but never used.
  jwd2004i-i  "/nwpr/gfs/xb169/GEPSv3/rsm/lib/netcdf-3.6.3/include/netcdf.inc", line 56: 'nf_write' is set but never used.
  jwd2004i-i  "/nwpr/gfs/xb169/GEPSv3/rsm/lib/netcdf-3.6.3/include/netcdf.inc", line 59: 'nf_fill' is set but never used.
  jwd2004i-i  "/nwpr/gfs/xb169/GEPSv3/rsm/lib/netcdf-3.6.3/include/netcdf.inc", line 60: 'nf_nofill' is set but never used.
  jwd2004i-i  "/nwpr/gfs/xb169/GEPSv3/rsm/lib/netcdf-3.6.3/include/netcdf.inc", line 61: 'nf_lock' is set but never used.
  jwd2004i-i  "/nwpr/gfs/xb169/GEPSv3/rsm/lib/netcdf-3.6.3/include/netcdf.inc", line 62: 'nf_share' is set but never used.
  jwd2004i-i  "/nwpr/gfs/xb169/GEPSv3/rsm/lib/netcdf-3.6.3/include/netcdf.inc", line 63: 'nf_64bit_offset' is set but never used.
  jwd2004i-i  "/nwpr/gfs/xb169/GEPSv3/rsm/lib/netcdf-3.6.3/include/netcdf.inc", line 64: 'nf_sizehint_default' is set but never used.
  jwd2004i-i  "/nwpr/gfs/xb169/GEPSv3/rsm/lib/netcdf-3.6.3/include/netcdf.inc", line 65: 'nf_align_chunk' is set but never used.
  jwd2004i-i  "/nwpr/gfs/xb169/GEPSv3/rsm/lib/netcdf-3.6.3/include/netcdf.inc", line 66: 'nf_format_classic' is set but never used.
  jwd2004i-i  "/nwpr/gfs/xb169/GEPSv3/rsm/lib/netcdf-3.6.3/include/netcdf.inc", line 67: 'nf_format_64bit' is set but never used.
  jwd2004i-i  "/nwpr/gfs/xb169/GEPSv3/rsm/lib/netcdf-3.6.3/include/netcdf.inc", line 86: 'nf_unlimited' is set but never used.
  jwd2004i-i  "/nwpr/gfs/xb169/GEPSv3/rsm/lib/netcdf-3.6.3/include/netcdf.inc", line 92: 'nf_global' is set but never used.
  jwd2004i-i  "/nwpr/gfs/xb169/GEPSv3/rsm/lib/netcdf-3.6.3/include/netcdf.inc", line 99: 'nf_max_attrs' is set but never used.
  jwd2004i-i  "/nwpr/gfs/xb169/GEPSv3/rsm/lib/netcdf-3.6.3/include/netcdf.inc", line 100: 'nf_max_vars' is set but never used.
  jwd2004i-i  "/nwpr/gfs/xb169/GEPSv3/rsm/lib/netcdf-3.6.3/include/netcdf.inc", line 101: 'nf_max_name' is set but never used.
  jwd2004i-i  "/nwpr/gfs/xb169/GEPSv3/rsm/lib/netcdf-3.6.3/include/netcdf.inc", line 102: 'nf_max_var_dims' is set but never used.
  jwd2004i-i  "/nwpr/gfs/xb169/GEPSv3/rsm/lib/netcdf-3.6.3/include/netcdf.inc", line 134: 'nf_eunlimit' is set but never used.
  jwd2004i-i  "/nwpr/gfs/xb169/GEPSv3/rsm/lib/netcdf-3.6.3/include/netcdf.inc", line 135: 'nf_enorecvars' is set but never used.
  jwd2004i-i  "/nwpr/gfs/xb169/GEPSv3/rsm/lib/netcdf-3.6.3/include/netcdf.inc", line 136: 'nf_echar' is set but never used.
  jwd2004i-i  "/nwpr/gfs/xb169/GEPSv3/rsm/lib/netcdf-3.6.3/include/netcdf.inc", line 137: 'nf_eedge' is set but never used.
  jwd2004i-i  "/nwpr/gfs/xb169/GEPSv3/rsm/lib/netcdf-3.6.3/include/netcdf.inc", line 138: 'nf_estride' is set but never used.
  jwd2004i-i  "/nwpr/gfs/xb169/GEPSv3/rsm/lib/netcdf-3.6.3/include/netcdf.inc", line 139: 'nf_ebadname' is set but never used.
  jwd2004i-i  "/nwpr/gfs/xb169/GEPSv3/rsm/lib/netcdf-3.6.3/include/netcdf.inc", line 140: 'nf_erange' is set but never used.
  jwd2004i-i  "/nwpr/gfs/xb169/GEPSv3/rsm/lib/netcdf-3.6.3/include/netcdf.inc", line 141: 'nf_enomem' is set but never used.
  jwd2004i-i  "/nwpr/gfs/xb169/GEPSv3/rsm/lib/netcdf-3.6.3/include/netcdf.inc", line 142: 'nf_evarsize' is set but never used.
  jwd2004i-i  "/nwpr/gfs/xb169/GEPSv3/rsm/lib/netcdf-3.6.3/include/netcdf.inc", line 143: 'nf_edimsize' is set but never used.
  jwd2004i-i  "/nwpr/gfs/xb169/GEPSv3/rsm/lib/netcdf-3.6.3/include/netcdf.inc", line 144: 'nf_etrunc' is set but never used.
  jwd2004i-i  "/nwpr/gfs/xb169/GEPSv3/rsm/lib/netcdf-3.6.3/include/netcdf.inc", line 181: 'nf_fatal' is set but never used.
  jwd2004i-i  "/nwpr/gfs/xb169/GEPSv3/rsm/lib/netcdf-3.6.3/include/netcdf.inc", line 182: 'nf_verbose' is set but never used.
  jwd2004i-i  "/nwpr/gfs/xb169/GEPSv3/rsm/lib/netcdf-3.6.3/include/netcdf.inc", line 1140: 'nccreat' is set but never used.
  jwd2004i-i  "/nwpr/gfs/xb169/GEPSv3/rsm/lib/netcdf-3.6.3/include/netcdf.inc", line 1141: 'ncexcl' is set but never used.
  jwd2004i-i  "/nwpr/gfs/xb169/GEPSv3/rsm/lib/netcdf-3.6.3/include/netcdf.inc", line 1142: 'ncindef' is set but never used.
  jwd2004i-i  "/nwpr/gfs/xb169/GEPSv3/rsm/lib/netcdf-3.6.3/include/netcdf.inc", line 1143: 'ncnsync' is set but never used.
  jwd2004i-i  "/nwpr/gfs/xb169/GEPSv3/rsm/lib/netcdf-3.6.3/include/netcdf.inc", line 1144: 'nchsync' is set but never used.
  jwd2004i-i  "/nwpr/gfs/xb169/GEPSv3/rsm/lib/netcdf-3.6.3/include/netcdf.inc", line 1145: 'ncndirty' is set but never used.
  jwd2004i-i  "/nwpr/gfs/xb169/GEPSv3/rsm/lib/netcdf-3.6.3/include/netcdf.inc", line 1146: 'nchdirty' is set but never used.
  jwd2004i-i  "/nwpr/gfs/xb169/GEPSv3/rsm/lib/netcdf-3.6.3/include/netcdf.inc", line 1147: 'nclink' is set but never used.
  jwd2004i-i  "/nwpr/gfs/xb169/GEPSv3/rsm/lib/netcdf-3.6.3/include/netcdf.inc", line 1148: 'ncnowrit' is set but never used.
  jwd2004i-i  "/nwpr/gfs/xb169/GEPSv3/rsm/lib/netcdf-3.6.3/include/netcdf.inc", line 1149: 'ncwrite' is set but never used.
  jwd2004i-i  "/nwpr/gfs/xb169/GEPSv3/rsm/lib/netcdf-3.6.3/include/netcdf.inc", line 1150: 'ncclob' is set but never used.
  jwd2004i-i  "/nwpr/gfs/xb169/GEPSv3/rsm/lib/netcdf-3.6.3/include/netcdf.inc", line 1151: 'ncnoclob' is set but never used.
  jwd2004i-i  "/nwpr/gfs/xb169/GEPSv3/rsm/lib/netcdf-3.6.3/include/netcdf.inc", line 1152: 'ncglobal' is set but never used.
  jwd2004i-i  "/nwpr/gfs/xb169/GEPSv3/rsm/lib/netcdf-3.6.3/include/netcdf.inc", line 1153: 'ncfill' is set but never used.
  jwd2004i-i  "/nwpr/gfs/xb169/GEPSv3/rsm/lib/netcdf-3.6.3/include/netcdf.inc", line 1154: 'ncnofill' is set but never used.
  jwd2004i-i  "/nwpr/gfs/xb169/GEPSv3/rsm/lib/netcdf-3.6.3/include/netcdf.inc", line 1155: 'maxncop' is set but never used.
  jwd2004i-i  "/nwpr/gfs/xb169/GEPSv3/rsm/lib/netcdf-3.6.3/include/netcdf.inc", line 1157: 'maxncatt' is set but never used.
  jwd2004i-i  "/nwpr/gfs/xb169/GEPSv3/rsm/lib/netcdf-3.6.3/include/netcdf.inc", line 1158: 'maxncvar' is set but never used.
  jwd2004i-i  "/nwpr/gfs/xb169/GEPSv3/rsm/lib/netcdf-3.6.3/include/netcdf.inc", line 1159: 'maxncnam' is set but never used.
  jwd2004i-i  "/nwpr/gfs/xb169/GEPSv3/rsm/lib/netcdf-3.6.3/include/netcdf.inc", line 1160: 'maxvdims' is set but never used.
  jwd2004i-i  "/nwpr/gfs/xb169/GEPSv3/rsm/lib/netcdf-3.6.3/include/netcdf.inc", line 1161: 'ncnoerr' is set but never used.
  jwd2004i-i  "/nwpr/gfs/xb169/GEPSv3/rsm/lib/netcdf-3.6.3/include/netcdf.inc", line 1162: 'ncebadid' is set but never used.
  jwd2004i-i  "/nwpr/gfs/xb169/GEPSv3/rsm/lib/netcdf-3.6.3/include/netcdf.inc", line 1163: 'ncenfile' is set but never used.
  jwd2004i-i  "/nwpr/gfs/xb169/GEPSv3/rsm/lib/netcdf-3.6.3/include/netcdf.inc", line 1164: 'nceexist' is set but never used.
  jwd2004i-i  "/nwpr/gfs/xb169/GEPSv3/rsm/lib/netcdf-3.6.3/include/netcdf.inc", line 1165: 'nceinval' is set but never used.
  jwd2004i-i  "/nwpr/gfs/xb169/GEPSv3/rsm/lib/netcdf-3.6.3/include/netcdf.inc", line 1166: 'nceperm' is set but never used.
  jwd2004i-i  "/nwpr/gfs/xb169/GEPSv3/rsm/lib/netcdf-3.6.3/include/netcdf.inc", line 1167: 'ncenotin' is set but never used.
  jwd2004i-i  "/nwpr/gfs/xb169/GEPSv3/rsm/lib/netcdf-3.6.3/include/netcdf.inc", line 1168: 'nceindef' is set but never used.
  jwd2004i-i  "/nwpr/gfs/xb169/GEPSv3/rsm/lib/netcdf-3.6.3/include/netcdf.inc", line 1169: 'ncecoord' is set but never used.
  jwd2004i-i  "/nwpr/gfs/xb169/GEPSv3/rsm/lib/netcdf-3.6.3/include/netcdf.inc", line 1170: 'ncemaxds' is set but never used.
  jwd2004i-i  "/nwpr/gfs/xb169/GEPSv3/rsm/lib/netcdf-3.6.3/include/netcdf.inc", line 1171: 'ncename' is set but never used.
  jwd2004i-i  "/nwpr/gfs/xb169/GEPSv3/rsm/lib/netcdf-3.6.3/include/netcdf.inc", line 1172: 'ncenoatt' is set but never used.
  jwd2004i-i  "/nwpr/gfs/xb169/GEPSv3/rsm/lib/netcdf-3.6.3/include/netcdf.inc", line 1173: 'ncemaxat' is set but never used.
  jwd2004i-i  "/nwpr/gfs/xb169/GEPSv3/rsm/lib/netcdf-3.6.3/include/netcdf.inc", line 1174: 'ncebadty' is set but never used.
  jwd2004i-i  "/nwpr/gfs/xb169/GEPSv3/rsm/lib/netcdf-3.6.3/include/netcdf.inc", line 1175: 'ncebadd' is set but never used.
  jwd2004i-i  "/nwpr/gfs/xb169/GEPSv3/rsm/lib/netcdf-3.6.3/include/netcdf.inc", line 1176: 'ncests' is set but never used.
  jwd2004i-i  "/nwpr/gfs/xb169/GEPSv3/rsm/lib/netcdf-3.6.3/include/netcdf.inc", line 1177: 'nceunlim' is set but never used.
  jwd2004i-i  "/nwpr/gfs/xb169/GEPSv3/rsm/lib/netcdf-3.6.3/include/netcdf.inc", line 1178: 'ncemaxvs' is set but never used.
  jwd2004i-i  "/nwpr/gfs/xb169/GEPSv3/rsm/lib/netcdf-3.6.3/include/netcdf.inc", line 1179: 'ncenotvr' is set but never used.
  jwd2004i-i  "/nwpr/gfs/xb169/GEPSv3/rsm/lib/netcdf-3.6.3/include/netcdf.inc", line 1180: 'nceglob' is set but never used.
  jwd2004i-i  "/nwpr/gfs/xb169/GEPSv3/rsm/lib/netcdf-3.6.3/include/netcdf.inc", line 1181: 'ncenotnc' is set but never used.
  jwd2004i-i  "/nwpr/gfs/xb169/GEPSv3/rsm/lib/netcdf-3.6.3/include/netcdf.inc", line 1182: 'ncfoobar' is set but never used.
  jwd2004i-i  "/nwpr/gfs/xb169/GEPSv3/rsm/lib/netcdf-3.6.3/include/netcdf.inc", line 1183: 'ncsyserr' is set but never used.
  jwd2004i-i  "/nwpr/gfs/xb169/GEPSv3/rsm/lib/netcdf-3.6.3/include/netcdf.inc", line 1184: 'ncfatal' is set but never used.
  jwd2004i-i  "/nwpr/gfs/xb169/GEPSv3/rsm/lib/netcdf-3.6.3/include/netcdf.inc", line 1185: 'ncverbos' is set but never used.
  jwd2004i-i  "/nwpr/gfs/xb169/GEPSv3/rsm/lib/netcdf-3.6.3/include/netcdf.inc", line 1186: 'ncentool' is set but never used.
  jwd2004i-i  "/nwpr/gfs/xb169/GEPSv3/rsm/lib/netcdf-3.6.3/include/netcdf.inc", line 1192: 'ncbyte' is set but never used.
  jwd2004i-i  "/nwpr/gfs/xb169/GEPSv3/rsm/lib/netcdf-3.6.3/include/netcdf.inc", line 1193: 'ncchar' is set but never used.
  jwd2004i-i  "/nwpr/gfs/xb169/GEPSv3/rsm/lib/netcdf-3.6.3/include/netcdf.inc", line 1194: 'ncshort' is set but never used.
  jwd2004i-i  "/nwpr/gfs/xb169/GEPSv3/rsm/lib/netcdf-3.6.3/include/netcdf.inc", line 1195: 'nclong' is set but never used.
  jwd2004i-i  "/nwpr/gfs/xb169/GEPSv3/rsm/lib/netcdf-3.6.3/include/netcdf.inc", line 1196: 'ncfloat' is set but never used.
  jwd2004i-i  "/nwpr/gfs/xb169/GEPSv3/rsm/lib/netcdf-3.6.3/include/netcdf.inc", line 1197: 'ncdouble' is set but never used.
  jwd2004i-i  "/nwpr/gfs/xb169/GEPSv3/rsm/lib/netcdf-3.6.3/include/netcdf.inc", line 1245: 'ncunlim' is set but never used.
  jwd2004i-i  "/nwpr/gfs/xb169/GEPSv3/rsm/lib/netcdf-3.6.3/include/netcdf.inc", line 1324: 'filbyte' is set but never used.
  jwd2004i-i  "/nwpr/gfs/xb169/GEPSv3/rsm/lib/netcdf-3.6.3/include/netcdf.inc", line 1325: 'filchar' is set but never used.
  jwd2004i-i  "/nwpr/gfs/xb169/GEPSv3/rsm/lib/netcdf-3.6.3/include/netcdf.inc", line 1326: 'filshort' is set but never used.
  jwd2004i-i  "/nwpr/gfs/xb169/GEPSv3/rsm/lib/netcdf-3.6.3/include/netcdf.inc", line 1327: 'fillong' is set but never used.
  jwd2004i-i  "/nwpr/gfs/xb169/GEPSv3/rsm/lib/netcdf-3.6.3/include/netcdf.inc", line 1328: 'filfloat' is set but never used.
  jwd2004i-i  "/nwpr/gfs/xb169/GEPSv3/rsm/lib/netcdf-3.6.3/include/netcdf.inc", line 1329: 'fildoub' is set but never used.
cpp -C -P -I. rsm_interp.F >rsm_interp.i
rsm_interp.F:13:39: warning: missing terminating ' character
 !     read "tile_3drt.bin" and RSM/MSM's domain setting and interpolate
                                       ^
rsm_interp.F:14:26: warning: missing terminating ' character
 !     the data to RSM/MSM's grid.
                          ^
rsm_interp.F:77:27: warning: missing terminating ' character
 ! get output location (RSM's grid location)
                           ^
sed -e '/^\/\*/,/\*\/$/d' -e '/^ *$/d' rsm_interp.i >rsm_interp.f90 ; rm rsm_interp.i
frtpx -O3 -Kfast -CcdRR8 -I/nwpr/gfs/xb169/GEPSv3/rsm/lib/netcdf-3.6.3/include -c rsm_interp.f90
Fortran diagnostic messages: program name(rsm_interp)
  jwd8220o-i  "rsm_interp.f90", line 1: Optimizations is performed in this program unit with possibility of side effects. See informational messages below to determine which such optimizations have been performed.
  jwd2004i-i  "rsm_interp.f90", line 10: 'latr2' is set but never used.
  jwd2004i-i  "rsm_interp.f90", line 10: 'latg2' is set but never used.
  jwd2004i-i  "rsm_interp.f90", line 11: 'lnt22' is set but never used.
  jwd2004i-i  "rsm_interp.f90", line 11: 'lnt2' is set but never used.
  jwd2004i-i  "rsm_interp.f90", line 11: 'levp1' is set but never used.
  jwd2004i-i  "rsm_interp.f90", line 11: 'levm1' is set but never used.
  jwd2004i-i  "rsm_interp.f90", line 11: 'levh' is set but never used.
  jwd2004i-i  "rsm_interp.f90", line 12: 'lntod' is set but never used.
  jwd2004i-i  "rsm_interp.f90", line 12: 'lnted' is set but never used.
  jwd2004i-i  "rsm_interp.f90", line 13: 'lonrx' is set but never used.
  jwd2004i-i  "rsm_interp.f90", line 13: 'lonfx' is set but never used.
  jwd2004i-i  "rsm_interp.f90", line 14: 'lonb22' is set but never used.
  jwd2004i-i  "rsm_interp.f90", line 14: 'lonb2' is set but never used.
  jwd2004i-i  "rsm_interp.f90", line 14: 'latb2' is set but never used.
  jwd2004i-i  "rsm_interp.f90", line 14: 'jromb' is set but never used.
  jwd2004i-i  "rsm_interp.f90", line 15: 'lonr22' is set but never used.
  jwd2004i-i  "rsm_interp.f90", line 15: 'lonr2' is set but never used.
  jwd2004i-i  "rsm_interp.f90", line 15: 'lonf22' is set but never used.
  jwd2004i-i  "rsm_interp.f90", line 15: 'lonf2' is set but never used.
  jwd2004i-i  "rsm_interp.f90", line 16: 'lnut22' is set but never used.
  jwd2004i-i  "rsm_interp.f90", line 16: 'lnut2' is set but never used.
  jwd2004i-i  "rsm_interp.f90", line 16: 'lnu2' is set but never used.
  jwd2004i-i  "rsm_interp.f90", line 16: 'twoj1' is set but never used.
  jwd2004i-i  "rsm_interp.f90", line 17: 'nvect_d' is set but never used.
  jwd2004i-i  "rsm_interp.f90", line 18: 'latgd' is set but never used.
  jwd2004i-i  "rsm_interp.f90", line 18: 'nypt' is set but never used.
  jwd2004i-i  "rsm_interp.f90", line 19: 'ncldb' is set but never used.
  jwd2004i-i  "rsm_interp.f90", line 20: 'nmtvr' is set but never used.
  jwd2004i-i  "rsm_interp.f90", line 20: 'lsoil' is set but never used.
  jwd2006i-i  "rsm_interp.f90", line 21: 'mtnres' is declared but never referenced.
  jwd2004i-i  "rsm_interp.f90", line 22: 'levro' is set but never used.
  jwd2004i-i  "rsm_interp.f90", line 22: 'jgrd1o' is set but never used.
  jwd2004i-i  "rsm_interp.f90", line 22: 'igrd1o' is set but never used.
  jwd2004i-i  "rsm_interp.f90", line 22: 'levri' is set but never used.
  jwd2004i-i  "rsm_interp.f90", line 22: 'jgrd1i' is set but never used.
  jwd2004i-i  "rsm_interp.f90", line 22: 'igrd1i' is set but never used.
  jwd2004i-i  "rsm_interp.f90", line 23: 'ksph' is set but never used.
  jwd2004i-i  "rsm_interp.f90", line 23: 'ilor' is set but never used.
  jwd2004i-i  "rsm_interp.f90", line 23: 'klot' is set but never used.
  jwd2004i-i  "rsm_interp.f90", line 23: 'jlot' is set but never used.
  jwd2004i-i  "rsm_interp.f90", line 23: 'ilot' is set but never used.
  jwd2004i-i  "rsm_interp.f90", line 24: 'num_p2d' is set but never used.
  jwd2004i-i  "rsm_interp.f90", line 24: 'num_p3d' is set but never used.
  jwd2006i-i  "rsm_interp.f90", line 111: 'jgrdcut' is declared but never referenced.
  jwd2006i-i  "rsm_interp.f90", line 111: 'igrdcut' is declared but never referenced.
  jwd2004i-i  "rsm_interp.f90", line 111: 'rmlvark' is set but never used.
  jwd2004i-i  "rsm_interp.f90", line 111: 'rslvark' is set but never used.
  jwd2004i-i  "rsm_interp.f90", line 111: 'rltstp' is set but never used.
  jwd2004i-i  "rsm_interp.f90", line 111: 'rlpnt' is set but never used.
  jwd2004i-i  "rsm_interp.f90", line 111: 'bgf' is set but never used.
  jwd2004i-i  "rsm_interp.f90", line 111: 'bsmooth' is set but never used.
  jwd2004i-i  "rsm_interp.f90", line 111: 'border' is set but never used.
  jwd2004i-i  "rsm_interp.f90", line 111: 'rgen' is set but never used.
  jwd2004i-i  "rsm_interp.f90", line 111: 'levrm1' is set but never used.
  jwd2004i-i  "rsm_interp.f90", line 111: 'levrp1' is set but never used.
  jwd2004i-i  "rsm_interp.f90", line 111: 'clngrd' is set but never used.
  jwd2004i-i  "rsm_interp.f90", line 111: 'lnwav' is set but never used.
  jwd2004i-i  "rsm_interp.f90", line 111: 'jumpry' is set but never used.
  jwd2004i-i  "rsm_interp.f90", line 111: 'jumpr' is set but never used.
  jwd2004i-i  "rsm_interp.f90", line 116: 'np' is set but never used.
  jwd2004i-i  "rsm_interp.f90", line 116: 'nv' is set but never used.
  jwd2004i-i  "rsm_interp.f90", line 116: 'nu' is set but never used.
  jwd2004i-i  "rsm_interp.f90", line 116: 'nq' is set but never used.
  jwd2004i-i  "rsm_interp.f90", line 116: 'nt' is set but never used.
  jwd2004i-i  "rsm_interp.f90", line 117: 'order' is set but never used.
  jwd8206o-i  "rsm_interp.f90", line 269: Division is changed to multiplication by reciprocal.
  jwd8206o-i  "rsm_interp.f90", line 270: Division is changed to multiplication by reciprocal.
  jwd2754i-i  "rsm_interp.f90", line 356: The allocatable assignment of the Fortran 2003 or later standard is not operated. To operate as the allocatable assignment, specify -Nalloc_assign compiler option.
  jwd2754i-i  "rsm_interp.f90", line 370: The allocatable assignment of the Fortran 2003 or later standard is not operated. To operate as the allocatable assignment, specify -Nalloc_assign compiler option.
  jwd8209o-i  "rsm_interp.f90", line 377: Evaluation order of polynomial expression is changed according to commutative law of addition and multiplication.
  jwd2754i-i  "rsm_interp.f90", line 428: The allocatable assignment of the Fortran 2003 or later standard is not operated. To operate as the allocatable assignment, specify -Nalloc_assign compiler option.
cpp -C -P -I. maxmin.F >maxmin.i
sed -e '/^\/\*/,/\*\/$/d' -e '/^ *$/d' maxmin.i >maxmin.f90 ; rm maxmin.i
frtpx -O3 -Kfast -CcdRR8 -I/nwpr/gfs/xb169/GEPSv3/rsm/lib/netcdf-3.6.3/include -c maxmin.f90
cpp -C -P -I. setlatlon.F >setlatlon.i
sed -e '/^\/\*/,/\*\/$/d' -e '/^ *$/d' setlatlon.i >setlatlon.f90 ; rm setlatlon.i
frtpx -O3 -Kfast -CcdRR8 -I/nwpr/gfs/xb169/GEPSv3/rsm/lib/netcdf-3.6.3/include -c setlatlon.f90
Fortran diagnostic messages: program name(setlatlon)
  jwd8220o-i  "setlatlon.f90", line 1: Optimizations is performed in this program unit with possibility of side effects. See informational messages below to determine which such optimizations have been performed.
  jwd2004i-i  "setlatlon.f90", line 40: 'latr2' is set but never used.
  jwd2004i-i  "setlatlon.f90", line 40: 'latg2' is set but never used.
  jwd2004i-i  "setlatlon.f90", line 41: 'lnt22' is set but never used.
  jwd2004i-i  "setlatlon.f90", line 41: 'lnt2' is set but never used.
  jwd2004i-i  "setlatlon.f90", line 41: 'levp1' is set but never used.
  jwd2004i-i  "setlatlon.f90", line 41: 'levm1' is set but never used.
  jwd2004i-i  "setlatlon.f90", line 41: 'levh' is set but never used.
  jwd2004i-i  "setlatlon.f90", line 42: 'lntod' is set but never used.
  jwd2004i-i  "setlatlon.f90", line 42: 'lnted' is set but never used.
  jwd2004i-i  "setlatlon.f90", line 43: 'lonrx' is set but never used.
  jwd2004i-i  "setlatlon.f90", line 43: 'lonfx' is set but never used.
  jwd2004i-i  "setlatlon.f90", line 44: 'lonb22' is set but never used.
  jwd2004i-i  "setlatlon.f90", line 44: 'lonb2' is set but never used.
  jwd2004i-i  "setlatlon.f90", line 44: 'latb2' is set but never used.
  jwd2004i-i  "setlatlon.f90", line 44: 'jromb' is set but never used.
  jwd2004i-i  "setlatlon.f90", line 45: 'lonr22' is set but never used.
  jwd2004i-i  "setlatlon.f90", line 45: 'lonr2' is set but never used.
  jwd2004i-i  "setlatlon.f90", line 45: 'lonf22' is set but never used.
  jwd2004i-i  "setlatlon.f90", line 45: 'lonf2' is set but never used.
  jwd2004i-i  "setlatlon.f90", line 46: 'lnut22' is set but never used.
  jwd2004i-i  "setlatlon.f90", line 46: 'lnut2' is set but never used.
  jwd2004i-i  "setlatlon.f90", line 46: 'lnu2' is set but never used.
  jwd2004i-i  "setlatlon.f90", line 46: 'twoj1' is set but never used.
  jwd2004i-i  "setlatlon.f90", line 47: 'nvect_d' is set but never used.
  jwd2004i-i  "setlatlon.f90", line 48: 'latgd' is set but never used.
  jwd2004i-i  "setlatlon.f90", line 48: 'nypt' is set but never used.
  jwd2004i-i  "setlatlon.f90", line 49: 'ncldb' is set but never used.
  jwd2004i-i  "setlatlon.f90", line 50: 'nmtvr' is set but never used.
  jwd2004i-i  "setlatlon.f90", line 50: 'lsoil' is set but never used.
  jwd2006i-i  "setlatlon.f90", line 51: 'mtnres' is declared but never referenced.
  jwd2004i-i  "setlatlon.f90", line 52: 'levro' is set but never used.
  jwd2004i-i  "setlatlon.f90", line 52: 'jgrd1o' is set but never used.
  jwd2004i-i  "setlatlon.f90", line 52: 'igrd1o' is set but never used.
  jwd2004i-i  "setlatlon.f90", line 52: 'levri' is set but never used.
  jwd2004i-i  "setlatlon.f90", line 52: 'jgrd1i' is set but never used.
  jwd2004i-i  "setlatlon.f90", line 52: 'igrd1i' is set but never used.
  jwd2004i-i  "setlatlon.f90", line 53: 'ksph' is set but never used.
  jwd2004i-i  "setlatlon.f90", line 53: 'ilor' is set but never used.
  jwd2004i-i  "setlatlon.f90", line 53: 'klot' is set but never used.
  jwd2004i-i  "setlatlon.f90", line 53: 'jlot' is set but never used.
  jwd2004i-i  "setlatlon.f90", line 53: 'ilot' is set but never used.
  jwd2004i-i  "setlatlon.f90", line 54: 'num_p2d' is set but never used.
  jwd2004i-i  "setlatlon.f90", line 54: 'num_p3d' is set but never used.
  jwd2006i-i  "setlatlon.f90", line 141: 'jgrdcut' is declared but never referenced.
  jwd2006i-i  "setlatlon.f90", line 141: 'igrdcut' is declared but never referenced.
  jwd2004i-i  "setlatlon.f90", line 141: 'rmlvark' is set but never used.
  jwd2004i-i  "setlatlon.f90", line 141: 'rslvark' is set but never used.
  jwd2004i-i  "setlatlon.f90", line 141: 'rltstp' is set but never used.
  jwd2004i-i  "setlatlon.f90", line 141: 'rlpnt' is set but never used.
  jwd2004i-i  "setlatlon.f90", line 141: 'bgf' is set but never used.
  jwd2004i-i  "setlatlon.f90", line 141: 'bsmooth' is set but never used.
  jwd2004i-i  "setlatlon.f90", line 141: 'border' is set but never used.
  jwd2004i-i  "setlatlon.f90", line 141: 'rgen' is set but never used.
  jwd2004i-i  "setlatlon.f90", line 141: 'levrm1' is set but never used.
  jwd2004i-i  "setlatlon.f90", line 141: 'levrp1' is set but never used.
  jwd2004i-i  "setlatlon.f90", line 141: 'clngrd' is set but never used.
  jwd2004i-i  "setlatlon.f90", line 141: 'lnwav' is set but never used.
  jwd2004i-i  "setlatlon.f90", line 141: 'jumpry' is set but never used.
  jwd2004i-i  "setlatlon.f90", line 141: 'jumpr' is set but never used.
  jwd2004i-i  "setlatlon.f90", line 146: 'np' is set but never used.
  jwd2004i-i  "setlatlon.f90", line 146: 'nv' is set but never used.
  jwd2004i-i  "setlatlon.f90", line 146: 'nu' is set but never used.
  jwd2004i-i  "setlatlon.f90", line 146: 'nq' is set but never used.
  jwd2004i-i  "setlatlon.f90", line 146: 'nt' is set but never used.
  jwd2004i-i  "setlatlon.f90", line 147: 'order' is set but never used.
  jwd8209o-i  "setlatlon.f90", line 267: Evaluation order of polynomial expression is changed according to commutative law of addition and multiplication.
  jwd8209o-i  "setlatlon.f90", line 268: Evaluation order of polynomial expression is changed according to commutative law of addition and multiplication.
  jwd8206o-i  "setlatlon.f90", line 292: Division is changed to multiplication by reciprocal.
  jwd8209o-i  "setlatlon.f90", line 311: Evaluation order of polynomial expression is changed according to commutative law of addition and multiplication.
  jwd8209o-i  "setlatlon.f90", line 312: Evaluation order of polynomial expression is changed according to commutative law of addition and multiplication.
  jwd8209o-i  "setlatlon.f90", line 319: Evaluation order of polynomial expression is changed according to commutative law of addition and multiplication.
  jwd8206o-i  "setlatlon.f90", line 321: Division is changed to multiplication by reciprocal.
  jwd8206o-i  "setlatlon.f90", line 323: Division is changed to multiplication by reciprocal.
  jwd8209o-i  "setlatlon.f90", line 339: Evaluation order of polynomial expression is changed according to commutative law of addition and multiplication.
  jwd8206o-i  "setlatlon.f90", line 340: Division is changed to multiplication by reciprocal.
  jwd8209o-i  "setlatlon.f90", line 340: Evaluation order of polynomial expression is changed according to commutative law of addition and multiplication.
  jwd8206o-i  "setlatlon.f90", line 343: Division is changed to multiplication by reciprocal.
  jwd8209o-i  "setlatlon.f90", line 343: Evaluation order of polynomial expression is changed according to commutative law of addition and multiplication.
cpp -C -P -I. write_to_grads.F >write_to_grads.i
sed -e '/^\/\*/,/\*\/$/d' -e '/^ *$/d' write_to_grads.i >write_to_grads.f90 ; rm write_to_grads.i
frtpx -O3 -Kfast -CcdRR8 -I/nwpr/gfs/xb169/GEPSv3/rsm/lib/netcdf-3.6.3/include -c write_to_grads.f90
Fortran diagnostic messages: program name(write_to_grads)
  jwd8220o-i  "write_to_grads.f90", line 1: Optimizations is performed in this program unit with possibility of side effects. See informational messages below to determine which such optimizations have been performed.
  jwd8209o-i  "write_to_grads.f90", line 13: Evaluation order of polynomial expression is changed according to commutative law of addition and multiplication.
cpp -C -P -I. ful2sgl.F >ful2sgl.i
sed -e '/^\/\*/,/\*\/$/d' -e '/^ *$/d' ful2sgl.i >ful2sgl.f90 ; rm ful2sgl.i
frtpx -O3 -Kfast -CcdRR8 -I/nwpr/gfs/xb169/GEPSv3/rsm/lib/netcdf-3.6.3/include -c ful2sgl.f90
cpp -C -P -I. la2ga.F >la2ga.i
sed -e '/^\/\*/,/\*\/$/d' -e '/^ *$/d' la2ga.i >la2ga.f90 ; rm la2ga.i
frtpx -O3 -Kfast -CcdRR8 -I/nwpr/gfs/xb169/GEPSv3/rsm/lib/netcdf-3.6.3/include -c la2ga.f90
Fortran diagnostic messages: program name(la2ga)
  jwd8220o-i  "la2ga.f90", line 1: Optimizations is performed in this program unit with possibility of side effects. See informational messages below to determine which such optimizations have been performed.
  jwd2004i-i  "la2ga.f90", line 92: 'len_thread' is set but never used.
  jwd8208o-i  "la2ga.f90", line 257: Method of calculating sum or product is changed.
  jwd8208o-i  "la2ga.f90", line 258: Method of calculating sum or product is changed.
  jwd8220o-i  "la2ga.f90", line 297: Optimizations is performed in this program unit with possibility of side effects. See informational messages below to determine which such optimizations have been performed.
  jwd2004i-i  "la2ga.f90", line 336: 'kmami' is set but never used.
  jwd8209o-i  "la2ga.f90", line 359: Evaluation order of polynomial expression is changed according to commutative law of addition and multiplication.
  jwd8209o-i  "la2ga.f90", line 361: Evaluation order of polynomial expression is changed according to commutative law of addition and multiplication.
  jwd8209o-i  "la2ga.f90", line 375: Evaluation order of polynomial expression is changed according to commutative law of addition and multiplication.
  jwd8209o-i  "la2ga.f90", line 381: Evaluation order of polynomial expression is changed according to commutative law of addition and multiplication.
  jwd8209o-i  "la2ga.f90", line 395: Evaluation order of polynomial expression is changed according to commutative law of addition and multiplication.
  jwd8209o-i  "la2ga.f90", line 399: Evaluation order of polynomial expression is changed according to commutative law of addition and multiplication.
  jwd8209o-i  "la2ga.f90", line 415: Evaluation order of polynomial expression is changed according to commutative law of addition and multiplication.
  jwd8209o-i  "la2ga.f90", line 419: Evaluation order of polynomial expression is changed according to commutative law of addition and multiplication.
  jwd2005i-w  "la2ga.f90", line 440: 'me' is used but never set.
  jwd8220o-i  "la2ga.f90", line 451: Optimizations is performed in this program unit with possibility of side effects. See informational messages below to determine which such optimizations have been performed.
cpp -C -P -I. sgl2ful.F >sgl2ful.i
sed -e '/^\/\*/,/\*\/$/d' -e '/^ *$/d' sgl2ful.i >sgl2ful.f90 ; rm sgl2ful.i
frtpx -O3 -Kfast -CcdRR8 -I/nwpr/gfs/xb169/GEPSv3/rsm/lib/netcdf-3.6.3/include -c sgl2ful.f90
frtpx -O3 -Kfast -CcdRR8 -I/nwpr/gfs/xb169/GEPSv3/rsm/lib/netcdf-3.6.3/include -o r3drtdata.x machine.o physcons.o main_3drt.o cut_tile.o rsm_interp.o maxmin.o setlatlon.o write_to_grads.o ful2sgl.o la2ga.o sgl2ful.o -L/nwpr/gfs/xb169/GEPSv3/rsm/lib/netcdf-3.6.3/lib -lnetcdf
+ cp r3drtdata.x /nwpr/gfs/xb169/GEPSv3/rsm/run/exe/r3drtdata.x
+ echo ' finish r3drtdata'
 finish r3drtdata
+ echo 'before rmtn'
before rmtn
+ '[' yes = yes ']'
+ echo '######  compile regional mountain ####'
######  compile regional mountain ####
+ cd /nwpr/gfs/xb169/GEPSv3/rsm/wrk/dir_cmp
+ mkdir -p cmp_rmtn
+ cd cmp_rmtn
+ set -x
+ cd /nwpr/gfs/xb169/GEPSv3/rsm/src/rsm_rmtn.fd
+ tar cvf /nwpr/gfs/xb169/GEPSv3/rsm/wrk/dir_cmp/cmp_rmtn/534857tmp Makefile_rmtn defg2r.F fax.F ffacosx1.F ffacosy1.F ffscosx1.F ffscosy1.F fft99a.F fft99b.F fft99m.F fftrig.F ful2sgl.F g2rini.F glats.F lnczs.F machine.F mainrmtn.F maxmin.F physcons.F plnini.F poly.F rftini.F rmakemt.F rmakeoal.F rmakeoao.F rmakepc.F rtersub.F setlatlon.F shalfo.F vpassm.F write_to_grads.F co2tab_sw.h comcon.h commpi.h commpildef.h comrmpi.h comrmpi_r4.h comrmpi_r8.h comrmpio.h define.h defmpi.h defras.h defrkn.h defsgl.h ncolrowi.h ncpu.h nest.h npesi.h paramodel.h rdparm.h rscombgt.h rscomcpu.h rscomfc.h rscomfi.h rscomgpd.h rscomgrd.h rscomio.h rscomloc.h rscomltb.h rscommap.h rscomoz.h rscompln.h rscomrad.h rscomspc.h rscomver.h rshalf.h rsmdlsig.h rsparltb.h
Makefile_rmtn
defg2r.F
fax.F
ffacosx1.F
ffacosy1.F
ffscosx1.F
ffscosy1.F
fft99a.F
fft99b.F
fft99m.F
fftrig.F
ful2sgl.F
g2rini.F
glats.F
lnczs.F
machine.F
mainrmtn.F
maxmin.F
physcons.F
plnini.F
poly.F
rftini.F
rmakemt.F
rmakeoal.F
rmakeoao.F
rmakepc.F
rtersub.F
setlatlon.F
shalfo.F
vpassm.F
write_to_grads.F
co2tab_sw.h
comcon.h
commpi.h
commpildef.h
comrmpi.h
comrmpi_r4.h
comrmpi_r8.h
comrmpio.h
define.h
defmpi.h
defras.h
defrkn.h
defsgl.h
ncolrowi.h
ncpu.h
nest.h
npesi.h
paramodel.h
rdparm.h
rscombgt.h
rscomcpu.h
rscomfc.h
rscomfi.h
rscomgpd.h
rscomgrd.h
rscomio.h
rscomloc.h
rscomltb.h
rscommap.h
rscomoz.h
rscompln.h
rscomrad.h
rscomspc.h
rscomver.h
rshalf.h
rsmdlsig.h
rsparltb.h
+ echo 'after create tar file'
after create tar file
+ cd /nwpr/gfs/xb169/GEPSv3/rsm/wrk/dir_cmp/cmp_rmtn
+ tar xvf 534857tmp
Makefile_rmtn
defg2r.F
fax.F
ffacosx1.F
ffacosy1.F
ffscosx1.F
ffscosy1.F
fft99a.F
fft99b.F
fft99m.F
fftrig.F
ful2sgl.F
g2rini.F
glats.F
lnczs.F
machine.F
mainrmtn.F
maxmin.F
physcons.F
plnini.F
poly.F
rftini.F
rmakemt.F
rmakeoal.F
rmakeoao.F
rmakepc.F
rtersub.F
setlatlon.F
shalfo.F
vpassm.F
write_to_grads.F
co2tab_sw.h
comcon.h
commpi.h
commpildef.h
comrmpi.h
comrmpi_r4.h
comrmpi_r8.h
comrmpio.h
define.h
defmpi.h
defras.h
defrkn.h
defsgl.h
ncolrowi.h
ncpu.h
nest.h
npesi.h
paramodel.h
rdparm.h
rscombgt.h
rscomcpu.h
rscomfc.h
rscomfi.h
rscomgpd.h
rscomgrd.h
rscomio.h
rscomloc.h
rscomltb.h
rscommap.h
rscomoz.h
rscompln.h
rscomrad.h
rscomspc.h
rscomver.h
rshalf.h
rsmdlsig.h
rsparltb.h
+ echo 'after untar tar file'
after untar tar file
+ rm -rf 534857tmp
+ cp -f /nwpr/gfs/xb169/GEPSv3/rsm/wrk/dir_cmp/include/defdim.h /nwpr/gfs/xb169/GEPSv3/rsm/wrk/dir_cmp/include/defopt.h /nwpr/gfs/xb169/GEPSv3/rsm/wrk/dir_cmp/include/inp_defdim.h /nwpr/gfs/xb169/GEPSv3/rsm/wrk/dir_cmp/include/inp_defopt.h /nwpr/gfs/xb169/GEPSv3/rsm/wrk/dir_cmp/include/inpint_defdim.h /nwpr/gfs/xb169/GEPSv3/rsm/wrk/dir_cmp/include/ncolrowi.h /nwpr/gfs/xb169/GEPSv3/rsm/wrk/dir_cmp/include/ncpu.h /nwpr/gfs/xb169/GEPSv3/rsm/wrk/dir_cmp/include/npesi.h .
+ make -f Makefile_rmtn clean
rm -f *.o *.f90 *.mod core
+ make -f Makefile_rmtn
cpp -C -P -I. machine.F >machine.i
sed -e '/^\/\*/,/\*\/$/d' -e '/^ *$/d' machine.i >machine.f90 ; rm machine.i
frtpx -O3 -Kfast -CcdRR8 -c machine.f90
cpp -C -P -I. physcons.F >physcons.i
sed -e '/^\/\*/,/\*\/$/d' -e '/^ *$/d' physcons.i >physcons.f90 ; rm physcons.i
frtpx -O3 -Kfast -CcdRR8 -c physcons.f90
cpp -C -P -I. mainrmtn.F >mainrmtn.i
sed -e '/^\/\*/,/\*\/$/d' -e '/^ *$/d' mainrmtn.i >mainrmtn.f90 ; rm mainrmtn.i
frtpx -O3 -Kfast -CcdRR8 -c mainrmtn.f90
Fortran diagnostic messages: program name(mainrmtn)
  jwd8220o-i  "mainrmtn.f90", line 1: Optimizations is performed in this program unit with possibility of side effects. See informational messages below to determine which such optimizations have been performed.
  jwd2004i-i  "mainrmtn.f90", line 8: 'latr2' is set but never used.
  jwd2004i-i  "mainrmtn.f90", line 8: 'latg2' is set but never used.
  jwd2004i-i  "mainrmtn.f90", line 9: 'lnt22' is set but never used.
  jwd2004i-i  "mainrmtn.f90", line 9: 'lnt2' is set but never used.
  jwd2004i-i  "mainrmtn.f90", line 9: 'levp1' is set but never used.
  jwd2004i-i  "mainrmtn.f90", line 9: 'levm1' is set but never used.
  jwd2004i-i  "mainrmtn.f90", line 9: 'levh' is set but never used.
  jwd2004i-i  "mainrmtn.f90", line 10: 'lntod' is set but never used.
  jwd2004i-i  "mainrmtn.f90", line 10: 'lnted' is set but never used.
  jwd2004i-i  "mainrmtn.f90", line 11: 'lonrx' is set but never used.
  jwd2004i-i  "mainrmtn.f90", line 11: 'lonfx' is set but never used.
  jwd2004i-i  "mainrmtn.f90", line 12: 'lonb22' is set but never used.
  jwd2004i-i  "mainrmtn.f90", line 12: 'lonb2' is set but never used.
  jwd2004i-i  "mainrmtn.f90", line 12: 'latb2' is set but never used.
  jwd2004i-i  "mainrmtn.f90", line 12: 'jromb' is set but never used.
  jwd2004i-i  "mainrmtn.f90", line 13: 'lonr22' is set but never used.
  jwd2004i-i  "mainrmtn.f90", line 13: 'lonr2' is set but never used.
  jwd2004i-i  "mainrmtn.f90", line 13: 'lonf22' is set but never used.
  jwd2004i-i  "mainrmtn.f90", line 13: 'lonf2' is set but never used.
  jwd2004i-i  "mainrmtn.f90", line 14: 'lnut22' is set but never used.
  jwd2004i-i  "mainrmtn.f90", line 14: 'lnut2' is set but never used.
  jwd2004i-i  "mainrmtn.f90", line 14: 'lnu2' is set but never used.
  jwd2004i-i  "mainrmtn.f90", line 14: 'twoj1' is set but never used.
  jwd2004i-i  "mainrmtn.f90", line 15: 'nvect_d' is set but never used.
  jwd2004i-i  "mainrmtn.f90", line 16: 'latgd' is set but never used.
  jwd2004i-i  "mainrmtn.f90", line 16: 'nypt' is set but never used.
  jwd2004i-i  "mainrmtn.f90", line 17: 'ncldb' is set but never used.
  jwd2004i-i  "mainrmtn.f90", line 18: 'lsoil' is set but never used.
  jwd2004i-i  "mainrmtn.f90", line 20: 'levro' is set but never used.
  jwd2004i-i  "mainrmtn.f90", line 20: 'jgrd1o' is set but never used.
  jwd2004i-i  "mainrmtn.f90", line 20: 'igrd1o' is set but never used.
  jwd2004i-i  "mainrmtn.f90", line 20: 'levri' is set but never used.
  jwd2004i-i  "mainrmtn.f90", line 20: 'jgrd1i' is set but never used.
  jwd2004i-i  "mainrmtn.f90", line 20: 'igrd1i' is set but never used.
  jwd2004i-i  "mainrmtn.f90", line 21: 'ksph' is set but never used.
  jwd2004i-i  "mainrmtn.f90", line 21: 'ilor' is set but never used.
  jwd2004i-i  "mainrmtn.f90", line 21: 'klot' is set but never used.
  jwd2004i-i  "mainrmtn.f90", line 21: 'jlot' is set but never used.
  jwd2004i-i  "mainrmtn.f90", line 21: 'ilot' is set but never used.
  jwd2004i-i  "mainrmtn.f90", line 22: 'num_p2d' is set but never used.
  jwd2004i-i  "mainrmtn.f90", line 22: 'num_p3d' is set but never used.
  jwd2006i-i  "mainrmtn.f90", line 106: 'jgrdcut' is declared but never referenced.
  jwd2006i-i  "mainrmtn.f90", line 106: 'igrdcut' is declared but never referenced.
  jwd2004i-i  "mainrmtn.f90", line 106: 'rmlvark' is set but never used.
  jwd2004i-i  "mainrmtn.f90", line 106: 'rslvark' is set but never used.
  jwd2004i-i  "mainrmtn.f90", line 106: 'rltstp' is set but never used.
  jwd2004i-i  "mainrmtn.f90", line 106: 'rlpnt' is set but never used.
  jwd2004i-i  "mainrmtn.f90", line 106: 'bgf' is set but never used.
  jwd2004i-i  "mainrmtn.f90", line 106: 'bsmooth' is set but never used.
  jwd2004i-i  "mainrmtn.f90", line 106: 'border' is set but never used.
  jwd2004i-i  "mainrmtn.f90", line 106: 'rgen' is set but never used.
  jwd2004i-i  "mainrmtn.f90", line 106: 'levrm1' is set but never used.
  jwd2004i-i  "mainrmtn.f90", line 106: 'levrp1' is set but never used.
  jwd2004i-i  "mainrmtn.f90", line 106: 'clngrd' is set but never used.
  jwd2004i-i  "mainrmtn.f90", line 106: 'lnwav' is set but never used.
  jwd2004i-i  "mainrmtn.f90", line 106: 'lngrd' is set but never used.
  jwd2004i-i  "mainrmtn.f90", line 106: 'jumpry' is set but never used.
  jwd2004i-i  "mainrmtn.f90", line 106: 'jumpr' is set but never used.
  jwd2004i-i  "mainrmtn.f90", line 111: 'np' is set but never used.
  jwd2004i-i  "mainrmtn.f90", line 111: 'nv' is set but never used.
  jwd2004i-i  "mainrmtn.f90", line 111: 'nu' is set but never used.
  jwd2004i-i  "mainrmtn.f90", line 111: 'nq' is set but never used.
  jwd2004i-i  "mainrmtn.f90", line 111: 'nt' is set but never used.
  jwd2004i-i  "mainrmtn.f90", line 112: 'order' is set but never used.
  jwd2004i-i  "mainrmtn.f90", line 192: 'clon2' is set but never used.
  jwd2004i-i  "mainrmtn.f90", line 192: 'clon1' is set but never used.
  jwd2004i-i  "mainrmtn.f90", line 192: 'clat2' is set but never used.
  jwd2004i-i  "mainrmtn.f90", line 192: 'clat1' is set but never used.
  jwd8206o-i  "mainrmtn.f90", line 219: Division is changed to multiplication by reciprocal.
  jwd8209o-i  "mainrmtn.f90", line 219: Evaluation order of polynomial expression is changed according to commutative law of addition and multiplication.
  jwd8206o-i  "mainrmtn.f90", line 220: Division is changed to multiplication by reciprocal.
  jwd8209o-i  "mainrmtn.f90", line 220: Evaluation order of polynomial expression is changed according to commutative law of addition and multiplication.
  jwd8206o-i  "mainrmtn.f90", line 223: Division is changed to multiplication by reciprocal.
  jwd8206o-i  "mainrmtn.f90", line 234: Division is changed to multiplication by reciprocal.
cpp -C -P -I. defg2r.F >defg2r.i
sed -e '/^\/\*/,/\*\/$/d' -e '/^ *$/d' defg2r.i >defg2r.f90 ; rm defg2r.i
frtpx -O3 -Kfast -CcdRR8 -c defg2r.f90
Fortran diagnostic messages: program name(defg2r)
  jwd8220o-i  "defg2r.f90", line 2: Optimizations is performed in this program unit with possibility of side effects. See informational messages below to determine which such optimizations have been performed.
  jwd2004i-i  "defg2r.f90", line 15: 'twopi' is set but never used.
  jwd2004i-i  "defg2r.f90", line 16: 'qtpi' is set but never used.
  jwd2004i-i  "defg2r.f90", line 17: 'rad' is set but never used.
  jwd8206o-i  "defg2r.f90", line 26: Division is changed to multiplication by reciprocal.
  jwd8209o-i  "defg2r.f90", line 26: Evaluation order of polynomial expression is changed according to commutative law of addition and multiplication.
  jwd8206o-i  "defg2r.f90", line 27: Division is changed to multiplication by reciprocal.
  jwd8209o-i  "defg2r.f90", line 27: Evaluation order of polynomial expression is changed according to commutative law of addition and multiplication.
  jwd8206o-i  "defg2r.f90", line 35: Division is changed to multiplication by reciprocal.
  jwd8206o-i  "defg2r.f90", line 36: Division is changed to multiplication by reciprocal.
  jwd2004i-i  "defg2r.f90", line 47: 'latp2' is set but never used.
  jwd2004i-i  "defg2r.f90", line 48: 'latm1' is set but never used.
  jwd8206o-i  "defg2r.f90", line 51: Division is changed to multiplication by reciprocal.
  jwd8209o-i  "defg2r.f90", line 59: Evaluation order of polynomial expression is changed according to commutative law of addition and multiplication.
  jwd8206o-i  "defg2r.f90", line 59: Division is changed to multiplication by reciprocal.
cpp -C -P -I. glats.F >glats.i
sed -e '/^\/\*/,/\*\/$/d' -e '/^ *$/d' glats.i >glats.f90 ; rm glats.i
frtpx -O3 -Kfast -CcdRR8 -c glats.f90
Fortran diagnostic messages: program name(glats)
  jwd8220o-i  "glats.f90", line 1: Optimizations is performed in this program unit with possibility of side effects. See informational messages below to determine which such optimizations have been performed.
  jwd2004i-i  "glats.f90", line 65: 'phi' is set but never used.
  jwd8206o-i  "glats.f90", line 65: Division is changed to multiplication by reciprocal.
  jwd8209o-i  "glats.f90", line 68: Evaluation order of polynomial expression is changed according to commutative law of addition and multiplication.
  jwd8206o-i  "glats.f90", line 72: Division is changed to multiplication by reciprocal.
  jwd8206o-i  "glats.f90", line 74: Division is changed to multiplication by reciprocal.
cpp -C -P -I. g2rini.F >g2rini.i
sed -e '/^\/\*/,/\*\/$/d' -e '/^ *$/d' g2rini.i >g2rini.f90 ; rm g2rini.i
frtpx -O3 -Kfast -CcdRR8 -c g2rini.f90
Fortran diagnostic messages: program name(g2rini)
  jwd8220o-i  "g2rini.f90", line 1: Optimizations is performed in this program unit with possibility of side effects. See informational messages below to determine which such optimizations have been performed.
  jwd2004i-i  "g2rini.f90", line 42: 'latr2' is set but never used.
  jwd2004i-i  "g2rini.f90", line 42: 'latg2' is set but never used.
  jwd2004i-i  "g2rini.f90", line 43: 'lnt22' is set but never used.
  jwd2004i-i  "g2rini.f90", line 43: 'lnt2' is set but never used.
  jwd2004i-i  "g2rini.f90", line 43: 'levp1' is set but never used.
  jwd2004i-i  "g2rini.f90", line 43: 'levm1' is set but never used.
  jwd2004i-i  "g2rini.f90", line 43: 'levh' is set but never used.
  jwd2004i-i  "g2rini.f90", line 44: 'lntod' is set but never used.
  jwd2004i-i  "g2rini.f90", line 44: 'lnted' is set but never used.
  jwd2004i-i  "g2rini.f90", line 45: 'lonrx' is set but never used.
  jwd2004i-i  "g2rini.f90", line 45: 'lonfx' is set but never used.
  jwd2004i-i  "g2rini.f90", line 46: 'lonb22' is set but never used.
  jwd2004i-i  "g2rini.f90", line 46: 'lonb2' is set but never used.
  jwd2004i-i  "g2rini.f90", line 46: 'latb2' is set but never used.
  jwd2004i-i  "g2rini.f90", line 46: 'jromb' is set but never used.
  jwd2004i-i  "g2rini.f90", line 47: 'lonr22' is set but never used.
  jwd2004i-i  "g2rini.f90", line 47: 'lonr2' is set but never used.
  jwd2004i-i  "g2rini.f90", line 47: 'lonf22' is set but never used.
  jwd2004i-i  "g2rini.f90", line 47: 'lonf2' is set but never used.
  jwd2004i-i  "g2rini.f90", line 48: 'lnut22' is set but never used.
  jwd2004i-i  "g2rini.f90", line 48: 'lnut2' is set but never used.
  jwd2004i-i  "g2rini.f90", line 48: 'lnu2' is set but never used.
  jwd2004i-i  "g2rini.f90", line 48: 'twoj1' is set but never used.
  jwd2004i-i  "g2rini.f90", line 49: 'nvect_d' is set but never used.
  jwd2004i-i  "g2rini.f90", line 50: 'latgd' is set but never used.
  jwd2004i-i  "g2rini.f90", line 50: 'nypt' is set but never used.
  jwd2004i-i  "g2rini.f90", line 51: 'ncldb' is set but never used.
  jwd2004i-i  "g2rini.f90", line 52: 'nmtvr' is set but never used.
  jwd2004i-i  "g2rini.f90", line 52: 'lsoil' is set but never used.
  jwd2004i-i  "g2rini.f90", line 53: 'mtnres' is set but never used.
  jwd2004i-i  "g2rini.f90", line 54: 'levro' is set but never used.
  jwd2004i-i  "g2rini.f90", line 54: 'jgrd1o' is set but never used.
  jwd2004i-i  "g2rini.f90", line 54: 'igrd1o' is set but never used.
  jwd2004i-i  "g2rini.f90", line 54: 'levri' is set but never used.
  jwd2004i-i  "g2rini.f90", line 54: 'jgrd1i' is set but never used.
  jwd2004i-i  "g2rini.f90", line 54: 'igrd1i' is set but never used.
  jwd2004i-i  "g2rini.f90", line 55: 'ksph' is set but never used.
  jwd2004i-i  "g2rini.f90", line 55: 'ilor' is set but never used.
  jwd2004i-i  "g2rini.f90", line 55: 'klot' is set but never used.
  jwd2004i-i  "g2rini.f90", line 55: 'jlot' is set but never used.
  jwd2004i-i  "g2rini.f90", line 55: 'ilot' is set but never used.
  jwd2004i-i  "g2rini.f90", line 56: 'num_p2d' is set but never used.
  jwd2004i-i  "g2rini.f90", line 56: 'num_p3d' is set but never used.
  jwd2006i-i  "g2rini.f90", line 140: 'jgrdcut' is declared but never referenced.
  jwd2006i-i  "g2rini.f90", line 140: 'igrdcut' is declared but never referenced.
  jwd2004i-i  "g2rini.f90", line 140: 'rmlvark' is set but never used.
  jwd2004i-i  "g2rini.f90", line 140: 'rslvark' is set but never used.
  jwd2004i-i  "g2rini.f90", line 140: 'rltstp' is set but never used.
  jwd2004i-i  "g2rini.f90", line 140: 'rlpnt' is set but never used.
  jwd2004i-i  "g2rini.f90", line 140: 'bgf' is set but never used.
  jwd2004i-i  "g2rini.f90", line 140: 'bsmooth' is set but never used.
  jwd2004i-i  "g2rini.f90", line 140: 'border' is set but never used.
  jwd2004i-i  "g2rini.f90", line 140: 'rgen' is set but never used.
  jwd2004i-i  "g2rini.f90", line 140: 'levrm1' is set but never used.
  jwd2004i-i  "g2rini.f90", line 140: 'levrp1' is set but never used.
  jwd2004i-i  "g2rini.f90", line 140: 'clngrd' is set but never used.
  jwd2004i-i  "g2rini.f90", line 140: 'lnwav' is set but never used.
  jwd2004i-i  "g2rini.f90", line 140: 'jumpry' is set but never used.
  jwd2004i-i  "g2rini.f90", line 140: 'jumpr' is set but never used.
  jwd2004i-i  "g2rini.f90", line 145: 'np' is set but never used.
  jwd2004i-i  "g2rini.f90", line 145: 'nv' is set but never used.
  jwd2004i-i  "g2rini.f90", line 145: 'nu' is set but never used.
  jwd2004i-i  "g2rini.f90", line 145: 'nq' is set but never used.
  jwd2004i-i  "g2rini.f90", line 145: 'nt' is set but never used.
  jwd2004i-i  "g2rini.f90", line 146: 'order' is set but never used.
  jwd8206o-i  "g2rini.f90", line 241: Division is changed to multiplication by reciprocal.
  jwd8206o-i  "g2rini.f90", line 242: Division is changed to multiplication by reciprocal.
cpp -C -P -I. poly.F >poly.i
sed -e '/^\/\*/,/\*\/$/d' -e '/^ *$/d' poly.i >poly.f90 ; rm poly.i
frtpx -O3 -Kfast -CcdRR8 -c poly.f90
Fortran diagnostic messages: program name(poly)
  jwd8220o-i  "poly.f90", line 1: Optimizations is performed in this program unit with possibility of side effects. See informational messages below to determine which such optimizations have been performed.
  jwd8209o-i  "poly.f90", line 32: Evaluation order of polynomial expression is changed according to commutative law of addition and multiplication.
  jwd8220o-i  "poly.f90", line 32: Optimizations is performed in this program unit with possibility of side effects. See informational messages below to determine which such optimizations have been performed.
cpp -C -P -I. lnczs.F >lnczs.i
sed -e '/^\/\*/,/\*\/$/d' -e '/^ *$/d' lnczs.i >lnczs.f90 ; rm lnczs.i
frtpx -O3 -Kfast -CcdRR8 -c lnczs.f90
cpp -C -P -I. rmakeoal.F >rmakeoal.i
sed -e '/^\/\*/,/\*\/$/d' -e '/^ *$/d' rmakeoal.i >rmakeoal.f90 ; rm rmakeoal.i
frtpx -O3 -Kfast -CcdRR8 -c rmakeoal.f90
Fortran diagnostic messages: program name(rmakeoal)
  jwd8220o-i  "rmakeoal.f90", line 2: Optimizations is performed in this program unit with possibility of side effects. See informational messages below to determine which such optimizations have been performed.
  jwd2004i-i  "rmakeoal.f90", line 6: 'latr2' is set but never used.
  jwd2004i-i  "rmakeoal.f90", line 6: 'latg2' is set but never used.
  jwd2004i-i  "rmakeoal.f90", line 7: 'lnt22' is set but never used.
  jwd2004i-i  "rmakeoal.f90", line 7: 'lnt2' is set but never used.
  jwd2004i-i  "rmakeoal.f90", line 7: 'levp1' is set but never used.
  jwd2004i-i  "rmakeoal.f90", line 7: 'levm1' is set but never used.
  jwd2004i-i  "rmakeoal.f90", line 7: 'levh' is set but never used.
  jwd2004i-i  "rmakeoal.f90", line 8: 'lntod' is set but never used.
  jwd2004i-i  "rmakeoal.f90", line 8: 'lnted' is set but never used.
  jwd2004i-i  "rmakeoal.f90", line 9: 'lonrx' is set but never used.
  jwd2004i-i  "rmakeoal.f90", line 9: 'lonfx' is set but never used.
  jwd2004i-i  "rmakeoal.f90", line 10: 'lonb22' is set but never used.
  jwd2004i-i  "rmakeoal.f90", line 10: 'lonb2' is set but never used.
  jwd2004i-i  "rmakeoal.f90", line 10: 'latb2' is set but never used.
  jwd2004i-i  "rmakeoal.f90", line 10: 'jromb' is set but never used.
  jwd2004i-i  "rmakeoal.f90", line 11: 'lonr22' is set but never used.
  jwd2004i-i  "rmakeoal.f90", line 11: 'lonr2' is set but never used.
  jwd2004i-i  "rmakeoal.f90", line 11: 'lonf22' is set but never used.
  jwd2004i-i  "rmakeoal.f90", line 11: 'lonf2' is set but never used.
  jwd2004i-i  "rmakeoal.f90", line 12: 'lnut22' is set but never used.
  jwd2004i-i  "rmakeoal.f90", line 12: 'lnut2' is set but never used.
  jwd2004i-i  "rmakeoal.f90", line 12: 'lnu2' is set but never used.
  jwd2004i-i  "rmakeoal.f90", line 12: 'twoj1' is set but never used.
  jwd2004i-i  "rmakeoal.f90", line 13: 'nvect_d' is set but never used.
  jwd2004i-i  "rmakeoal.f90", line 14: 'latgd' is set but never used.
  jwd2004i-i  "rmakeoal.f90", line 14: 'nypt' is set but never used.
  jwd2004i-i  "rmakeoal.f90", line 15: 'ncldb' is set but never used.
  jwd2004i-i  "rmakeoal.f90", line 16: 'nmtvr' is set but never used.
  jwd2004i-i  "rmakeoal.f90", line 16: 'lsoil' is set but never used.
  jwd2004i-i  "rmakeoal.f90", line 18: 'levro' is set but never used.
  jwd2004i-i  "rmakeoal.f90", line 18: 'jgrd1o' is set but never used.
  jwd2004i-i  "rmakeoal.f90", line 18: 'igrd1o' is set but never used.
  jwd2004i-i  "rmakeoal.f90", line 18: 'levri' is set but never used.
  jwd2004i-i  "rmakeoal.f90", line 18: 'jgrd1i' is set but never used.
  jwd2004i-i  "rmakeoal.f90", line 18: 'igrd1i' is set but never used.
  jwd2004i-i  "rmakeoal.f90", line 19: 'ksph' is set but never used.
  jwd2004i-i  "rmakeoal.f90", line 19: 'ilor' is set but never used.
  jwd2004i-i  "rmakeoal.f90", line 19: 'klot' is set but never used.
  jwd2004i-i  "rmakeoal.f90", line 19: 'jlot' is set but never used.
  jwd2004i-i  "rmakeoal.f90", line 19: 'ilot' is set but never used.
  jwd2004i-i  "rmakeoal.f90", line 20: 'num_p2d' is set but never used.
  jwd2004i-i  "rmakeoal.f90", line 20: 'num_p3d' is set but never used.
  jwd2006i-i  "rmakeoal.f90", line 104: 'jgrdcut' is declared but never referenced.
  jwd2006i-i  "rmakeoal.f90", line 104: 'igrdcut' is declared but never referenced.
  jwd2004i-i  "rmakeoal.f90", line 104: 'rmlvark' is set but never used.
  jwd2004i-i  "rmakeoal.f90", line 104: 'rslvark' is set but never used.
  jwd2004i-i  "rmakeoal.f90", line 104: 'rltstp' is set but never used.
  jwd2004i-i  "rmakeoal.f90", line 104: 'rlpnt' is set but never used.
  jwd2004i-i  "rmakeoal.f90", line 104: 'bgf' is set but never used.
  jwd2004i-i  "rmakeoal.f90", line 104: 'bsmooth' is set but never used.
  jwd2004i-i  "rmakeoal.f90", line 104: 'border' is set but never used.
  jwd2004i-i  "rmakeoal.f90", line 104: 'rgen' is set but never used.
  jwd2004i-i  "rmakeoal.f90", line 104: 'levrm1' is set but never used.
  jwd2004i-i  "rmakeoal.f90", line 104: 'levrp1' is set but never used.
  jwd2004i-i  "rmakeoal.f90", line 104: 'clngrd' is set but never used.
  jwd2004i-i  "rmakeoal.f90", line 104: 'lnwav' is set but never used.
  jwd2004i-i  "rmakeoal.f90", line 104: 'lngrd' is set but never used.
  jwd2004i-i  "rmakeoal.f90", line 104: 'jumpry' is set but never used.
  jwd2004i-i  "rmakeoal.f90", line 104: 'jumpr' is set but never used.
  jwd2004i-i  "rmakeoal.f90", line 109: 'np' is set but never used.
  jwd2004i-i  "rmakeoal.f90", line 109: 'nv' is set but never used.
  jwd2004i-i  "rmakeoal.f90", line 109: 'nu' is set but never used.
  jwd2004i-i  "rmakeoal.f90", line 109: 'nq' is set but never used.
  jwd2004i-i  "rmakeoal.f90", line 109: 'nt' is set but never used.
  jwd2004i-i  "rmakeoal.f90", line 110: 'order' is set but never used.
  jwd8206o-i  "rmakeoal.f90", line 207: Division is changed to multiplication by reciprocal.
  jwd8209o-i  "rmakeoal.f90", line 207: Evaluation order of polynomial expression is changed according to commutative law of addition and multiplication.
  jwd8208o-i  "rmakeoal.f90", line 237: Method of calculating sum or product is changed.
  jwd8208o-i  "rmakeoal.f90", line 292: Method of calculating sum or product is changed.
  jwd8208o-i  "rmakeoal.f90", line 308: Method of calculating sum or product is changed.
  jwd8209o-i  "rmakeoal.f90", line 352: Evaluation order of polynomial expression is changed according to commutative law of addition and multiplication.
  jwd8209o-i  "rmakeoal.f90", line 358: Evaluation order of polynomial expression is changed according to commutative law of addition and multiplication.
cpp -C -P -I. rmakeoao.F >rmakeoao.i
sed -e '/^\/\*/,/\*\/$/d' -e '/^ *$/d' rmakeoao.i >rmakeoao.f90 ; rm rmakeoao.i
frtpx -O3 -Kfast -CcdRR8 -c rmakeoao.f90
Fortran diagnostic messages: program name(rmakeoao)
  jwd8220o-i  "rmakeoao.f90", line 2: Optimizations is performed in this program unit with possibility of side effects. See informational messages below to determine which such optimizations have been performed.
  jwd2004i-i  "rmakeoao.f90", line 7: 'latr2' is set but never used.
  jwd2004i-i  "rmakeoao.f90", line 7: 'latg2' is set but never used.
  jwd2004i-i  "rmakeoao.f90", line 8: 'lnt22' is set but never used.
  jwd2004i-i  "rmakeoao.f90", line 8: 'lnt2' is set but never used.
  jwd2004i-i  "rmakeoao.f90", line 8: 'levp1' is set but never used.
  jwd2004i-i  "rmakeoao.f90", line 8: 'levm1' is set but never used.
  jwd2004i-i  "rmakeoao.f90", line 8: 'levh' is set but never used.
  jwd2004i-i  "rmakeoao.f90", line 9: 'lntod' is set but never used.
  jwd2004i-i  "rmakeoao.f90", line 9: 'lnted' is set but never used.
  jwd2004i-i  "rmakeoao.f90", line 10: 'lonrx' is set but never used.
  jwd2004i-i  "rmakeoao.f90", line 10: 'lonfx' is set but never used.
  jwd2004i-i  "rmakeoao.f90", line 11: 'lonb22' is set but never used.
  jwd2004i-i  "rmakeoao.f90", line 11: 'lonb2' is set but never used.
  jwd2004i-i  "rmakeoao.f90", line 11: 'latb2' is set but never used.
  jwd2004i-i  "rmakeoao.f90", line 11: 'jromb' is set but never used.
  jwd2004i-i  "rmakeoao.f90", line 12: 'lonr22' is set but never used.
  jwd2004i-i  "rmakeoao.f90", line 12: 'lonr2' is set but never used.
  jwd2004i-i  "rmakeoao.f90", line 12: 'lonf22' is set but never used.
  jwd2004i-i  "rmakeoao.f90", line 12: 'lonf2' is set but never used.
  jwd2004i-i  "rmakeoao.f90", line 13: 'lnut22' is set but never used.
  jwd2004i-i  "rmakeoao.f90", line 13: 'lnut2' is set but never used.
  jwd2004i-i  "rmakeoao.f90", line 13: 'lnu2' is set but never used.
  jwd2004i-i  "rmakeoao.f90", line 13: 'twoj1' is set but never used.
  jwd2004i-i  "rmakeoao.f90", line 14: 'nvect_d' is set but never used.
  jwd2004i-i  "rmakeoao.f90", line 15: 'latgd' is set but never used.
  jwd2004i-i  "rmakeoao.f90", line 15: 'nypt' is set but never used.
  jwd2004i-i  "rmakeoao.f90", line 16: 'ncldb' is set but never used.
  jwd2004i-i  "rmakeoao.f90", line 17: 'nmtvr' is set but never used.
  jwd2004i-i  "rmakeoao.f90", line 17: 'lsoil' is set but never used.
  jwd2004i-i  "rmakeoao.f90", line 19: 'levro' is set but never used.
  jwd2004i-i  "rmakeoao.f90", line 19: 'jgrd1o' is set but never used.
  jwd2004i-i  "rmakeoao.f90", line 19: 'igrd1o' is set but never used.
  jwd2004i-i  "rmakeoao.f90", line 19: 'levri' is set but never used.
  jwd2004i-i  "rmakeoao.f90", line 19: 'jgrd1i' is set but never used.
  jwd2004i-i  "rmakeoao.f90", line 19: 'igrd1i' is set but never used.
  jwd2004i-i  "rmakeoao.f90", line 20: 'ksph' is set but never used.
  jwd2004i-i  "rmakeoao.f90", line 20: 'ilor' is set but never used.
  jwd2004i-i  "rmakeoao.f90", line 20: 'klot' is set but never used.
  jwd2004i-i  "rmakeoao.f90", line 20: 'jlot' is set but never used.
  jwd2004i-i  "rmakeoao.f90", line 20: 'ilot' is set but never used.
  jwd2004i-i  "rmakeoao.f90", line 21: 'num_p2d' is set but never used.
  jwd2004i-i  "rmakeoao.f90", line 21: 'num_p3d' is set but never used.
  jwd2006i-i  "rmakeoao.f90", line 105: 'jgrdcut' is declared but never referenced.
  jwd2006i-i  "rmakeoao.f90", line 105: 'igrdcut' is declared but never referenced.
  jwd2004i-i  "rmakeoao.f90", line 105: 'rmlvark' is set but never used.
  jwd2004i-i  "rmakeoao.f90", line 105: 'rslvark' is set but never used.
  jwd2004i-i  "rmakeoao.f90", line 105: 'rltstp' is set but never used.
  jwd2004i-i  "rmakeoao.f90", line 105: 'rlpnt' is set but never used.
  jwd2004i-i  "rmakeoao.f90", line 105: 'bgf' is set but never used.
  jwd2004i-i  "rmakeoao.f90", line 105: 'bsmooth' is set but never used.
  jwd2004i-i  "rmakeoao.f90", line 105: 'border' is set but never used.
  jwd2004i-i  "rmakeoao.f90", line 105: 'rgen' is set but never used.
  jwd2004i-i  "rmakeoao.f90", line 105: 'levrm1' is set but never used.
  jwd2004i-i  "rmakeoao.f90", line 105: 'levrp1' is set but never used.
  jwd2004i-i  "rmakeoao.f90", line 105: 'clngrd' is set but never used.
  jwd2004i-i  "rmakeoao.f90", line 105: 'lnwav' is set but never used.
  jwd2004i-i  "rmakeoao.f90", line 105: 'lngrd' is set but never used.
  jwd2004i-i  "rmakeoao.f90", line 105: 'jumpry' is set but never used.
  jwd2004i-i  "rmakeoao.f90", line 105: 'jumpr' is set but never used.
  jwd2004i-i  "rmakeoao.f90", line 110: 'np' is set but never used.
  jwd2004i-i  "rmakeoao.f90", line 110: 'nv' is set but never used.
  jwd2004i-i  "rmakeoao.f90", line 110: 'nu' is set but never used.
  jwd2004i-i  "rmakeoao.f90", line 110: 'nq' is set but never used.
  jwd2004i-i  "rmakeoao.f90", line 110: 'nt' is set but never used.
  jwd2004i-i  "rmakeoao.f90", line 111: 'order' is set but never used.
  jwd8206o-i  "rmakeoao.f90", line 200: Division is changed to multiplication by reciprocal.
  jwd8209o-i  "rmakeoao.f90", line 200: Evaluation order of polynomial expression is changed according to commutative law of addition and multiplication.
  jwd8208o-i  "rmakeoao.f90", line 227: Method of calculating sum or product is changed.
  jwd8208o-i  "rmakeoao.f90", line 231: Method of calculating sum or product is changed.
  jwd8209o-i  "rmakeoao.f90", line 303: Evaluation order of polynomial expression is changed according to commutative law of addition and multiplication.
  jwd8209o-i  "rmakeoao.f90", line 331: Evaluation order of polynomial expression is changed according to commutative law of addition and multiplication.
  jwd8209o-i  "rmakeoao.f90", line 337: Evaluation order of polynomial expression is changed according to commutative law of addition and multiplication.
  jwd8209o-i  "rmakeoao.f90", line 338: Evaluation order of polynomial expression is changed according to commutative law of addition and multiplication.
cpp -C -P -I. rmakemt.F >rmakemt.i
sed -e '/^\/\*/,/\*\/$/d' -e '/^ *$/d' rmakemt.i >rmakemt.f90 ; rm rmakemt.i
frtpx -O3 -Kfast -CcdRR8 -c rmakemt.f90
Fortran diagnostic messages: program name(rmakemt)
  jwd8220o-i  "rmakemt.f90", line 5: Optimizations is performed in this program unit with possibility of side effects. See informational messages below to determine which such optimizations have been performed.
  jwd2004i-i  "rmakemt.f90", line 10: 'latr2' is set but never used.
  jwd2004i-i  "rmakemt.f90", line 10: 'latg2' is set but never used.
  jwd2004i-i  "rmakemt.f90", line 11: 'lnt22' is set but never used.
  jwd2004i-i  "rmakemt.f90", line 11: 'lnt2' is set but never used.
  jwd2004i-i  "rmakemt.f90", line 11: 'levp1' is set but never used.
  jwd2004i-i  "rmakemt.f90", line 11: 'levm1' is set but never used.
  jwd2004i-i  "rmakemt.f90", line 11: 'levh' is set but never used.
  jwd2004i-i  "rmakemt.f90", line 12: 'lntod' is set but never used.
  jwd2004i-i  "rmakemt.f90", line 12: 'lnted' is set but never used.
  jwd2004i-i  "rmakemt.f90", line 13: 'lonrx' is set but never used.
  jwd2004i-i  "rmakemt.f90", line 13: 'lonfx' is set but never used.
  jwd2004i-i  "rmakemt.f90", line 14: 'lonb22' is set but never used.
  jwd2004i-i  "rmakemt.f90", line 14: 'lonb2' is set but never used.
  jwd2004i-i  "rmakemt.f90", line 14: 'latb2' is set but never used.
  jwd2004i-i  "rmakemt.f90", line 14: 'jromb' is set but never used.
  jwd2004i-i  "rmakemt.f90", line 15: 'lonr22' is set but never used.
  jwd2004i-i  "rmakemt.f90", line 15: 'lonr2' is set but never used.
  jwd2004i-i  "rmakemt.f90", line 15: 'lonf22' is set but never used.
  jwd2004i-i  "rmakemt.f90", line 15: 'lonf2' is set but never used.
  jwd2004i-i  "rmakemt.f90", line 16: 'lnut22' is set but never used.
  jwd2004i-i  "rmakemt.f90", line 16: 'lnut2' is set but never used.
  jwd2004i-i  "rmakemt.f90", line 16: 'lnu2' is set but never used.
  jwd2004i-i  "rmakemt.f90", line 16: 'twoj1' is set but never used.
  jwd2004i-i  "rmakemt.f90", line 17: 'nvect_d' is set but never used.
  jwd2004i-i  "rmakemt.f90", line 18: 'latgd' is set but never used.
  jwd2004i-i  "rmakemt.f90", line 18: 'nypt' is set but never used.
  jwd2004i-i  "rmakemt.f90", line 19: 'ncldb' is set but never used.
  jwd2004i-i  "rmakemt.f90", line 20: 'nmtvr' is set but never used.
  jwd2004i-i  "rmakemt.f90", line 20: 'lsoil' is set but never used.
  jwd2004i-i  "rmakemt.f90", line 22: 'levro' is set but never used.
  jwd2004i-i  "rmakemt.f90", line 22: 'jgrd1o' is set but never used.
  jwd2004i-i  "rmakemt.f90", line 22: 'igrd1o' is set but never used.
  jwd2004i-i  "rmakemt.f90", line 22: 'levri' is set but never used.
  jwd2004i-i  "rmakemt.f90", line 22: 'jgrd1i' is set but never used.
  jwd2004i-i  "rmakemt.f90", line 22: 'igrd1i' is set but never used.
  jwd2004i-i  "rmakemt.f90", line 23: 'ksph' is set but never used.
  jwd2004i-i  "rmakemt.f90", line 23: 'ilor' is set but never used.
  jwd2004i-i  "rmakemt.f90", line 23: 'klot' is set but never used.
  jwd2004i-i  "rmakemt.f90", line 23: 'jlot' is set but never used.
  jwd2004i-i  "rmakemt.f90", line 23: 'ilot' is set but never used.
  jwd2004i-i  "rmakemt.f90", line 24: 'num_p2d' is set but never used.
  jwd2004i-i  "rmakemt.f90", line 24: 'num_p3d' is set but never used.
  jwd2006i-i  "rmakemt.f90", line 108: 'jgrdcut' is declared but never referenced.
  jwd2006i-i  "rmakemt.f90", line 108: 'igrdcut' is declared but never referenced.
  jwd2004i-i  "rmakemt.f90", line 108: 'rmlvark' is set but never used.
  jwd2004i-i  "rmakemt.f90", line 108: 'rslvark' is set but never used.
  jwd2004i-i  "rmakemt.f90", line 108: 'rltstp' is set but never used.
  jwd2004i-i  "rmakemt.f90", line 108: 'rlpnt' is set but never used.
  jwd2004i-i  "rmakemt.f90", line 108: 'bgf' is set but never used.
  jwd2004i-i  "rmakemt.f90", line 108: 'bsmooth' is set but never used.
  jwd2004i-i  "rmakemt.f90", line 108: 'border' is set but never used.
  jwd2004i-i  "rmakemt.f90", line 108: 'rgen' is set but never used.
  jwd2004i-i  "rmakemt.f90", line 108: 'levrm1' is set but never used.
  jwd2004i-i  "rmakemt.f90", line 108: 'levrp1' is set but never used.
  jwd2004i-i  "rmakemt.f90", line 108: 'clngrd' is set but never used.
  jwd2004i-i  "rmakemt.f90", line 108: 'lnwav' is set but never used.
  jwd2004i-i  "rmakemt.f90", line 108: 'lngrd' is set but never used.
  jwd2004i-i  "rmakemt.f90", line 108: 'jumpry' is set but never used.
  jwd2004i-i  "rmakemt.f90", line 108: 'jumpr' is set but never used.
  jwd2004i-i  "rmakemt.f90", line 113: 'np' is set but never used.
  jwd2004i-i  "rmakemt.f90", line 113: 'nv' is set but never used.
  jwd2004i-i  "rmakemt.f90", line 113: 'nu' is set but never used.
  jwd2004i-i  "rmakemt.f90", line 113: 'nq' is set but never used.
  jwd2004i-i  "rmakemt.f90", line 113: 'nt' is set but never used.
  jwd2004i-i  "rmakemt.f90", line 114: 'order' is set but never used.
  jwd2006i-i  "rmakemt.f90", line 192: 'flag' is declared but never referenced.
  jwd2004i-i  "rmakemt.f90", line 195: 'im1' is set but never used.
  jwd2004i-i  "rmakemt.f90", line 196: 'jm1' is set but never used.
  jwd8206o-i  "rmakemt.f90", line 203: Division is changed to multiplication by reciprocal.
  jwd8208o-i  "rmakemt.f90", line 252: Method of calculating sum or product is changed.
  jwd8208o-i  "rmakemt.f90", line 303: Method of calculating sum or product is changed.
  jwd8208o-i  "rmakemt.f90", line 304: Method of calculating sum or product is changed.
  jwd8208o-i  "rmakemt.f90", line 313: Method of calculating sum or product is changed.
  jwd8209o-i  "rmakemt.f90", line 319: Evaluation order of polynomial expression is changed according to commutative law of addition and multiplication.
cpp -C -P -I. rtersub.F >rtersub.i
sed -e '/^\/\*/,/\*\/$/d' -e '/^ *$/d' rtersub.i >rtersub.f90 ; rm rtersub.i
frtpx -O3 -Kfast -CcdRR8 -c rtersub.f90
Fortran diagnostic messages: program name(rtersub)
  jwd2008i-i  "rtersub.f90", line 2: Dummy argument 'condir' not used in this subprogram.
  jwd2008i-i  "rtersub.f90", line 2: Dummy argument 'iml' not used in this subprogram.
  jwd2004i-i  "rtersub.f90", line 8: 'latr2' is set but never used.
  jwd2004i-i  "rtersub.f90", line 8: 'latg2' is set but never used.
  jwd2004i-i  "rtersub.f90", line 9: 'lnt22' is set but never used.
  jwd2004i-i  "rtersub.f90", line 9: 'lnt2' is set but never used.
  jwd2004i-i  "rtersub.f90", line 9: 'levp1' is set but never used.
  jwd2004i-i  "rtersub.f90", line 9: 'levm1' is set but never used.
  jwd2004i-i  "rtersub.f90", line 9: 'levh' is set but never used.
  jwd2004i-i  "rtersub.f90", line 10: 'lntod' is set but never used.
  jwd2004i-i  "rtersub.f90", line 10: 'lnted' is set but never used.
  jwd2004i-i  "rtersub.f90", line 11: 'lonrx' is set but never used.
  jwd2004i-i  "rtersub.f90", line 11: 'lonfx' is set but never used.
  jwd2004i-i  "rtersub.f90", line 12: 'lonb22' is set but never used.
  jwd2004i-i  "rtersub.f90", line 12: 'lonb2' is set but never used.
  jwd2004i-i  "rtersub.f90", line 12: 'latb2' is set but never used.
  jwd2004i-i  "rtersub.f90", line 12: 'jromb' is set but never used.
  jwd2004i-i  "rtersub.f90", line 13: 'lonr22' is set but never used.
  jwd2004i-i  "rtersub.f90", line 13: 'lonr2' is set but never used.
  jwd2004i-i  "rtersub.f90", line 13: 'lonf22' is set but never used.
  jwd2004i-i  "rtersub.f90", line 13: 'lonf2' is set but never used.
  jwd2004i-i  "rtersub.f90", line 14: 'lnut22' is set but never used.
  jwd2004i-i  "rtersub.f90", line 14: 'lnut2' is set but never used.
  jwd2004i-i  "rtersub.f90", line 14: 'lnu2' is set but never used.
  jwd2004i-i  "rtersub.f90", line 14: 'twoj1' is set but never used.
  jwd2004i-i  "rtersub.f90", line 15: 'nvect_d' is set but never used.
  jwd2004i-i  "rtersub.f90", line 16: 'latgd' is set but never used.
  jwd2004i-i  "rtersub.f90", line 16: 'nypt' is set but never used.
  jwd2004i-i  "rtersub.f90", line 17: 'ncldb' is set but never used.
  jwd2004i-i  "rtersub.f90", line 18: 'lsoil' is set but never used.
  jwd2004i-i  "rtersub.f90", line 19: 'mtnres' is set but never used.
  jwd2004i-i  "rtersub.f90", line 20: 'levro' is set but never used.
  jwd2004i-i  "rtersub.f90", line 20: 'jgrd1o' is set but never used.
  jwd2004i-i  "rtersub.f90", line 20: 'igrd1o' is set but never used.
  jwd2004i-i  "rtersub.f90", line 20: 'levri' is set but never used.
  jwd2004i-i  "rtersub.f90", line 20: 'jgrd1i' is set but never used.
  jwd2004i-i  "rtersub.f90", line 20: 'igrd1i' is set but never used.
  jwd2004i-i  "rtersub.f90", line 21: 'ksph' is set but never used.
  jwd2004i-i  "rtersub.f90", line 21: 'ilor' is set but never used.
  jwd2004i-i  "rtersub.f90", line 21: 'klot' is set but never used.
  jwd2004i-i  "rtersub.f90", line 21: 'jlot' is set but never used.
  jwd2004i-i  "rtersub.f90", line 21: 'ilot' is set but never used.
  jwd2004i-i  "rtersub.f90", line 22: 'num_p2d' is set but never used.
  jwd2004i-i  "rtersub.f90", line 22: 'num_p3d' is set but never used.
  jwd2006i-i  "rtersub.f90", line 106: 'jgrdcut' is declared but never referenced.
  jwd2006i-i  "rtersub.f90", line 106: 'igrdcut' is declared but never referenced.
  jwd2004i-i  "rtersub.f90", line 106: 'rmlvark' is set but never used.
  jwd2004i-i  "rtersub.f90", line 106: 'rslvark' is set but never used.
  jwd2004i-i  "rtersub.f90", line 106: 'rltstp' is set but never used.
  jwd2004i-i  "rtersub.f90", line 106: 'rlpnt' is set but never used.
  jwd2004i-i  "rtersub.f90", line 106: 'bgf' is set but never used.
  jwd2004i-i  "rtersub.f90", line 106: 'bsmooth' is set but never used.
  jwd2004i-i  "rtersub.f90", line 106: 'border' is set but never used.
  jwd2004i-i  "rtersub.f90", line 106: 'rgen' is set but never used.
  jwd2004i-i  "rtersub.f90", line 106: 'levrm1' is set but never used.
  jwd2004i-i  "rtersub.f90", line 106: 'levrp1' is set but never used.
  jwd2004i-i  "rtersub.f90", line 106: 'clngrd' is set but never used.
  jwd2004i-i  "rtersub.f90", line 106: 'jumpry' is set but never used.
  jwd2004i-i  "rtersub.f90", line 106: 'jumpr' is set but never used.
  jwd2004i-i  "rtersub.f90", line 111: 'np' is set but never used.
  jwd2004i-i  "rtersub.f90", line 111: 'nv' is set but never used.
  jwd2004i-i  "rtersub.f90", line 111: 'nu' is set but never used.
  jwd2004i-i  "rtersub.f90", line 111: 'nq' is set but never used.
  jwd2004i-i  "rtersub.f90", line 111: 'nt' is set but never used.
  jwd2004i-i  "rtersub.f90", line 190: 'mtnvar' is set but never used.
  jwd2006i-i  "rtersub.f90", line 194: 'd11' is declared but never referenced.
  jwd2006i-i  "rtersub.f90", line 194: 'gclat' is declared but never referenced.
  jwd2006i-i  "rtersub.f90", line 198: 'n11' is declared but never referenced.
  jwd2006i-i  "rtersub.f90", line 198: 'n10' is declared but never referenced.
  jwd2006i-i  "rtersub.f90", line 198: 'n01' is declared but never referenced.
  jwd2006i-i  "rtersub.f90", line 198: 'n00' is declared but never referenced.
  jwd2006i-i  "rtersub.f90", line 201: 'var' is declared but never referenced.
  jwd2006i-i  "rtersub.f90", line 202: 'ol' is declared but never referenced.
  jwd2006i-i  "rtersub.f90", line 202: 'oa' is declared but never referenced.
  jwd2006i-i  "rtersub.f90", line 202: 'var4' is declared but never referenced.
  jwd2006i-i  "rtersub.f90", line 203: 'gamma' is declared but never referenced.
  jwd2006i-i  "rtersub.f90", line 203: 'theta' is declared but never referenced.
  jwd2006i-i  "rtersub.f90", line 204: 'elvmax' is declared but never referenced.
  jwd2006i-i  "rtersub.f90", line 204: 'sigma' is declared but never referenced.
  jwd2006i-i  "rtersub.f90", line 205: 'grid2' is declared but never referenced.
  jwd2006i-i  "rtersub.f90", line 205: 'grids' is declared but never referenced.
  jwd2006i-i  "rtersub.f90", line 206: 'tmp2' is declared but never referenced.
  jwd2006i-i  "rtersub.f90", line 206: 'tmp' is declared but never referenced.
  jwd2006i-i  "rtersub.f90", line 208: 'wgtcs' is declared but never referenced.
  jwd2006i-i  "rtersub.f90", line 208: 'wgt' is declared but never referenced.
  jwd2006i-i  "rtersub.f90", line 208: 'colrad' is declared but never referenced.
  jwd2006i-i  "rtersub.f90", line 209: 'rcs2' is declared but never referenced.
  jwd2006i-i  "rtersub.f90", line 211: 'elvv' is declared but never referenced.
  jwd2006i-i  "rtersub.f90", line 211: 'olll' is declared but never referenced.
  jwd2006i-i  "rtersub.f90", line 213: 'hprimes' is declared but never referenced.
  jwd2006i-i  "rtersub.f90", line 214: 'endtime' is declared but never referenced.
  jwd2006i-i  "rtersub.f90", line 214: 'starttime' is declared but never referenced.
cpp -C -P -I. maxmin.F >maxmin.i
sed -e '/^\/\*/,/\*\/$/d' -e '/^ *$/d' maxmin.i >maxmin.f90 ; rm maxmin.i
frtpx -O3 -Kfast -CcdRR8 -c maxmin.f90
cpp -C -P -I. shalfo.F >shalfo.i
sed -e '/^\/\*/,/\*\/$/d' -e '/^ *$/d' shalfo.i >shalfo.f90 ; rm shalfo.i
frtpx -O3 -Kfast -CcdRR8 -c shalfo.f90
Fortran diagnostic messages: program name(shalfo)
  jwd2004i-i  "shalfo.f90", line 50: 'latr2' is set but never used.
  jwd2004i-i  "shalfo.f90", line 50: 'latg2' is set but never used.
  jwd2004i-i  "shalfo.f90", line 51: 'lnt22' is set but never used.
  jwd2004i-i  "shalfo.f90", line 51: 'lnt2' is set but never used.
  jwd2004i-i  "shalfo.f90", line 51: 'levp1' is set but never used.
  jwd2004i-i  "shalfo.f90", line 51: 'levm1' is set but never used.
  jwd2004i-i  "shalfo.f90", line 51: 'levh' is set but never used.
  jwd2004i-i  "shalfo.f90", line 52: 'lntod' is set but never used.
  jwd2004i-i  "shalfo.f90", line 52: 'lnted' is set but never used.
  jwd2004i-i  "shalfo.f90", line 53: 'lonrx' is set but never used.
  jwd2004i-i  "shalfo.f90", line 53: 'lonfx' is set but never used.
  jwd2004i-i  "shalfo.f90", line 54: 'lonb22' is set but never used.
  jwd2004i-i  "shalfo.f90", line 54: 'lonb2' is set but never used.
  jwd2004i-i  "shalfo.f90", line 54: 'latb2' is set but never used.
  jwd2004i-i  "shalfo.f90", line 54: 'jromb' is set but never used.
  jwd2004i-i  "shalfo.f90", line 55: 'lonr22' is set but never used.
  jwd2004i-i  "shalfo.f90", line 55: 'lonr2' is set but never used.
  jwd2004i-i  "shalfo.f90", line 55: 'lonf22' is set but never used.
  jwd2004i-i  "shalfo.f90", line 55: 'lonf2' is set but never used.
  jwd2004i-i  "shalfo.f90", line 56: 'lnut22' is set but never used.
  jwd2004i-i  "shalfo.f90", line 56: 'lnut2' is set but never used.
  jwd2004i-i  "shalfo.f90", line 56: 'lnu2' is set but never used.
  jwd2004i-i  "shalfo.f90", line 56: 'twoj1' is set but never used.
  jwd2004i-i  "shalfo.f90", line 57: 'nvect_d' is set but never used.
  jwd2004i-i  "shalfo.f90", line 58: 'latgd' is set but never used.
  jwd2004i-i  "shalfo.f90", line 58: 'nypt' is set but never used.
  jwd2004i-i  "shalfo.f90", line 59: 'ncldb' is set but never used.
  jwd2004i-i  "shalfo.f90", line 60: 'nmtvr' is set but never used.
  jwd2004i-i  "shalfo.f90", line 60: 'lsoil' is set but never used.
  jwd2004i-i  "shalfo.f90", line 61: 'mtnres' is set but never used.
  jwd2004i-i  "shalfo.f90", line 62: 'levro' is set but never used.
  jwd2004i-i  "shalfo.f90", line 62: 'jgrd1o' is set but never used.
  jwd2004i-i  "shalfo.f90", line 62: 'igrd1o' is set but never used.
  jwd2004i-i  "shalfo.f90", line 62: 'levri' is set but never used.
  jwd2004i-i  "shalfo.f90", line 62: 'jgrd1i' is set but never used.
  jwd2004i-i  "shalfo.f90", line 62: 'igrd1i' is set but never used.
  jwd2004i-i  "shalfo.f90", line 63: 'ksph' is set but never used.
  jwd2004i-i  "shalfo.f90", line 63: 'ilor' is set but never used.
  jwd2004i-i  "shalfo.f90", line 63: 'klot' is set but never used.
  jwd2004i-i  "shalfo.f90", line 63: 'jlot' is set but never used.
  jwd2004i-i  "shalfo.f90", line 63: 'ilot' is set but never used.
  jwd2004i-i  "shalfo.f90", line 64: 'num_p2d' is set but never used.
  jwd2004i-i  "shalfo.f90", line 64: 'num_p3d' is set but never used.
  jwd2006i-i  "shalfo.f90", line 148: 'jgrdcut' is declared but never referenced.
  jwd2006i-i  "shalfo.f90", line 148: 'igrdcut' is declared but never referenced.
  jwd2004i-i  "shalfo.f90", line 148: 'rmlvark' is set but never used.
  jwd2004i-i  "shalfo.f90", line 148: 'rslvark' is set but never used.
  jwd2004i-i  "shalfo.f90", line 148: 'rltstp' is set but never used.
  jwd2004i-i  "shalfo.f90", line 148: 'rlpnt' is set but never used.
  jwd2004i-i  "shalfo.f90", line 148: 'bgf' is set but never used.
  jwd2004i-i  "shalfo.f90", line 148: 'bsmooth' is set but never used.
  jwd2004i-i  "shalfo.f90", line 148: 'border' is set but never used.
  jwd2004i-i  "shalfo.f90", line 148: 'rgen' is set but never used.
  jwd2004i-i  "shalfo.f90", line 148: 'levrm1' is set but never used.
  jwd2004i-i  "shalfo.f90", line 148: 'levrp1' is set but never used.
  jwd2004i-i  "shalfo.f90", line 148: 'clngrd' is set but never used.
  jwd2004i-i  "shalfo.f90", line 148: 'lnwav' is set but never used.
  jwd2004i-i  "shalfo.f90", line 148: 'lngrd' is set but never used.
  jwd2004i-i  "shalfo.f90", line 148: 'jumpry' is set but never used.
  jwd2004i-i  "shalfo.f90", line 148: 'jumpr' is set but never used.
  jwd2004i-i  "shalfo.f90", line 153: 'np' is set but never used.
  jwd2004i-i  "shalfo.f90", line 153: 'nv' is set but never used.
  jwd2004i-i  "shalfo.f90", line 153: 'nu' is set but never used.
  jwd2004i-i  "shalfo.f90", line 153: 'nq' is set but never used.
  jwd2004i-i  "shalfo.f90", line 153: 'nt' is set but never used.
  jwd2004i-i  "shalfo.f90", line 154: 'order' is set but never used.
  jwd2005i-w  "shalfo.f90", line 232: 'jgrd12' is used but never set.
cpp -C -P -I. ffscosx1.F >ffscosx1.i
sed -e '/^\/\*/,/\*\/$/d' -e '/^ *$/d' ffscosx1.i >ffscosx1.f90 ; rm ffscosx1.i
frtpx -O3 -Kfast -CcdRR8 -c ffscosx1.f90
Fortran diagnostic messages: program name(ffscosx1)
  jwd2004i-i  "ffscosx1.f90", line 38: 'latr2' is set but never used.
  jwd2004i-i  "ffscosx1.f90", line 38: 'latg2' is set but never used.
  jwd2004i-i  "ffscosx1.f90", line 39: 'lnt22' is set but never used.
  jwd2004i-i  "ffscosx1.f90", line 39: 'lnt2' is set but never used.
  jwd2004i-i  "ffscosx1.f90", line 39: 'levp1' is set but never used.
  jwd2004i-i  "ffscosx1.f90", line 39: 'levm1' is set but never used.
  jwd2004i-i  "ffscosx1.f90", line 39: 'levh' is set but never used.
  jwd2004i-i  "ffscosx1.f90", line 40: 'lntod' is set but never used.
  jwd2004i-i  "ffscosx1.f90", line 40: 'lnted' is set but never used.
  jwd2004i-i  "ffscosx1.f90", line 41: 'lonrx' is set but never used.
  jwd2004i-i  "ffscosx1.f90", line 41: 'lonfx' is set but never used.
  jwd2004i-i  "ffscosx1.f90", line 42: 'lonb22' is set but never used.
  jwd2004i-i  "ffscosx1.f90", line 42: 'lonb2' is set but never used.
  jwd2004i-i  "ffscosx1.f90", line 42: 'latb2' is set but never used.
  jwd2004i-i  "ffscosx1.f90", line 42: 'jromb' is set but never used.
  jwd2004i-i  "ffscosx1.f90", line 43: 'lonr22' is set but never used.
  jwd2004i-i  "ffscosx1.f90", line 43: 'lonr2' is set but never used.
  jwd2004i-i  "ffscosx1.f90", line 43: 'lonf22' is set but never used.
  jwd2004i-i  "ffscosx1.f90", line 43: 'lonf2' is set but never used.
  jwd2004i-i  "ffscosx1.f90", line 44: 'lnut22' is set but never used.
  jwd2004i-i  "ffscosx1.f90", line 44: 'lnut2' is set but never used.
  jwd2004i-i  "ffscosx1.f90", line 44: 'lnu2' is set but never used.
  jwd2004i-i  "ffscosx1.f90", line 44: 'twoj1' is set but never used.
  jwd2004i-i  "ffscosx1.f90", line 45: 'nvect_d' is set but never used.
  jwd2004i-i  "ffscosx1.f90", line 46: 'latgd' is set but never used.
  jwd2004i-i  "ffscosx1.f90", line 46: 'nypt' is set but never used.
  jwd2004i-i  "ffscosx1.f90", line 47: 'ncldb' is set but never used.
  jwd2004i-i  "ffscosx1.f90", line 48: 'nmtvr' is set but never used.
  jwd2004i-i  "ffscosx1.f90", line 48: 'lsoil' is set but never used.
  jwd2004i-i  "ffscosx1.f90", line 49: 'mtnres' is set but never used.
  jwd2004i-i  "ffscosx1.f90", line 50: 'levro' is set but never used.
  jwd2004i-i  "ffscosx1.f90", line 50: 'jgrd1o' is set but never used.
  jwd2004i-i  "ffscosx1.f90", line 50: 'igrd1o' is set but never used.
  jwd2004i-i  "ffscosx1.f90", line 50: 'levri' is set but never used.
  jwd2004i-i  "ffscosx1.f90", line 50: 'jgrd1i' is set but never used.
  jwd2004i-i  "ffscosx1.f90", line 50: 'igrd1i' is set but never used.
  jwd2004i-i  "ffscosx1.f90", line 51: 'ksph' is set but never used.
  jwd2004i-i  "ffscosx1.f90", line 51: 'ilor' is set but never used.
  jwd2004i-i  "ffscosx1.f90", line 51: 'klot' is set but never used.
  jwd2004i-i  "ffscosx1.f90", line 51: 'jlot' is set but never used.
  jwd2004i-i  "ffscosx1.f90", line 51: 'ilot' is set but never used.
  jwd2004i-i  "ffscosx1.f90", line 52: 'num_p2d' is set but never used.
  jwd2004i-i  "ffscosx1.f90", line 52: 'num_p3d' is set but never used.
  jwd2006i-i  "ffscosx1.f90", line 136: 'jgrdcut' is declared but never referenced.
  jwd2006i-i  "ffscosx1.f90", line 136: 'igrdcut' is declared but never referenced.
  jwd2004i-i  "ffscosx1.f90", line 136: 'rmlvark' is set but never used.
  jwd2004i-i  "ffscosx1.f90", line 136: 'rslvark' is set but never used.
  jwd2004i-i  "ffscosx1.f90", line 136: 'rltstp' is set but never used.
  jwd2004i-i  "ffscosx1.f90", line 136: 'rlpnt' is set but never used.
  jwd2004i-i  "ffscosx1.f90", line 136: 'bgf' is set but never used.
  jwd2004i-i  "ffscosx1.f90", line 136: 'bsmooth' is set but never used.
  jwd2004i-i  "ffscosx1.f90", line 136: 'border' is set but never used.
  jwd2004i-i  "ffscosx1.f90", line 136: 'rgen' is set but never used.
  jwd2004i-i  "ffscosx1.f90", line 136: 'levrm1' is set but never used.
  jwd2004i-i  "ffscosx1.f90", line 136: 'levrp1' is set but never used.
  jwd2004i-i  "ffscosx1.f90", line 136: 'clngrd' is set but never used.
  jwd2004i-i  "ffscosx1.f90", line 136: 'lnwav' is set but never used.
  jwd2004i-i  "ffscosx1.f90", line 136: 'lngrd' is set but never used.
  jwd2004i-i  "ffscosx1.f90", line 136: 'jumpry' is set but never used.
  jwd2004i-i  "ffscosx1.f90", line 141: 'np' is set but never used.
  jwd2004i-i  "ffscosx1.f90", line 141: 'nv' is set but never used.
  jwd2004i-i  "ffscosx1.f90", line 141: 'nu' is set but never used.
  jwd2004i-i  "ffscosx1.f90", line 141: 'nq' is set but never used.
  jwd2004i-i  "ffscosx1.f90", line 141: 'nt' is set but never used.
  jwd2004i-i  "ffscosx1.f90", line 142: 'order' is set but never used.
  jwd2004i-i  "ffscosx1.f90", line 213: 'ncpu' is set but never used.
  jwd2004i-i  "ffscosx1.f90", line 213: 'lotmin' is set but never used.
cpp -C -P -I. ffscosy1.F >ffscosy1.i
sed -e '/^\/\*/,/\*\/$/d' -e '/^ *$/d' ffscosy1.i >ffscosy1.f90 ; rm ffscosy1.i
frtpx -O3 -Kfast -CcdRR8 -c ffscosy1.f90
Fortran diagnostic messages: program name(ffscosy1)
  jwd2004i-i  "ffscosy1.f90", line 38: 'latr2' is set but never used.
  jwd2004i-i  "ffscosy1.f90", line 38: 'latg2' is set but never used.
  jwd2004i-i  "ffscosy1.f90", line 39: 'lnt22' is set but never used.
  jwd2004i-i  "ffscosy1.f90", line 39: 'lnt2' is set but never used.
  jwd2004i-i  "ffscosy1.f90", line 39: 'levp1' is set but never used.
  jwd2004i-i  "ffscosy1.f90", line 39: 'levm1' is set but never used.
  jwd2004i-i  "ffscosy1.f90", line 39: 'levh' is set but never used.
  jwd2004i-i  "ffscosy1.f90", line 40: 'lntod' is set but never used.
  jwd2004i-i  "ffscosy1.f90", line 40: 'lnted' is set but never used.
  jwd2004i-i  "ffscosy1.f90", line 41: 'lonrx' is set but never used.
  jwd2004i-i  "ffscosy1.f90", line 41: 'lonfx' is set but never used.
  jwd2004i-i  "ffscosy1.f90", line 42: 'lonb22' is set but never used.
  jwd2004i-i  "ffscosy1.f90", line 42: 'lonb2' is set but never used.
  jwd2004i-i  "ffscosy1.f90", line 42: 'latb2' is set but never used.
  jwd2004i-i  "ffscosy1.f90", line 42: 'jromb' is set but never used.
  jwd2004i-i  "ffscosy1.f90", line 43: 'lonr22' is set but never used.
  jwd2004i-i  "ffscosy1.f90", line 43: 'lonr2' is set but never used.
  jwd2004i-i  "ffscosy1.f90", line 43: 'lonf22' is set but never used.
  jwd2004i-i  "ffscosy1.f90", line 43: 'lonf2' is set but never used.
  jwd2004i-i  "ffscosy1.f90", line 44: 'lnut22' is set but never used.
  jwd2004i-i  "ffscosy1.f90", line 44: 'lnut2' is set but never used.
  jwd2004i-i  "ffscosy1.f90", line 44: 'lnu2' is set but never used.
  jwd2004i-i  "ffscosy1.f90", line 44: 'twoj1' is set but never used.
  jwd2004i-i  "ffscosy1.f90", line 45: 'nvect_d' is set but never used.
  jwd2004i-i  "ffscosy1.f90", line 46: 'latgd' is set but never used.
  jwd2004i-i  "ffscosy1.f90", line 46: 'nypt' is set but never used.
  jwd2004i-i  "ffscosy1.f90", line 47: 'ncldb' is set but never used.
  jwd2004i-i  "ffscosy1.f90", line 48: 'nmtvr' is set but never used.
  jwd2004i-i  "ffscosy1.f90", line 48: 'lsoil' is set but never used.
  jwd2004i-i  "ffscosy1.f90", line 49: 'mtnres' is set but never used.
  jwd2004i-i  "ffscosy1.f90", line 50: 'levro' is set but never used.
  jwd2004i-i  "ffscosy1.f90", line 50: 'jgrd1o' is set but never used.
  jwd2004i-i  "ffscosy1.f90", line 50: 'igrd1o' is set but never used.
  jwd2004i-i  "ffscosy1.f90", line 50: 'levri' is set but never used.
  jwd2004i-i  "ffscosy1.f90", line 50: 'jgrd1i' is set but never used.
  jwd2004i-i  "ffscosy1.f90", line 50: 'igrd1i' is set but never used.
  jwd2004i-i  "ffscosy1.f90", line 51: 'ksph' is set but never used.
  jwd2004i-i  "ffscosy1.f90", line 51: 'ilor' is set but never used.
  jwd2004i-i  "ffscosy1.f90", line 51: 'klot' is set but never used.
  jwd2004i-i  "ffscosy1.f90", line 51: 'jlot' is set but never used.
  jwd2004i-i  "ffscosy1.f90", line 51: 'ilot' is set but never used.
  jwd2004i-i  "ffscosy1.f90", line 52: 'num_p2d' is set but never used.
  jwd2004i-i  "ffscosy1.f90", line 52: 'num_p3d' is set but never used.
  jwd2006i-i  "ffscosy1.f90", line 136: 'jgrdcut' is declared but never referenced.
  jwd2006i-i  "ffscosy1.f90", line 136: 'igrdcut' is declared but never referenced.
  jwd2004i-i  "ffscosy1.f90", line 136: 'rmlvark' is set but never used.
  jwd2004i-i  "ffscosy1.f90", line 136: 'rslvark' is set but never used.
  jwd2004i-i  "ffscosy1.f90", line 136: 'rltstp' is set but never used.
  jwd2004i-i  "ffscosy1.f90", line 136: 'rlpnt' is set but never used.
  jwd2004i-i  "ffscosy1.f90", line 136: 'bgf' is set but never used.
  jwd2004i-i  "ffscosy1.f90", line 136: 'bsmooth' is set but never used.
  jwd2004i-i  "ffscosy1.f90", line 136: 'border' is set but never used.
  jwd2004i-i  "ffscosy1.f90", line 136: 'rgen' is set but never used.
  jwd2004i-i  "ffscosy1.f90", line 136: 'levrm1' is set but never used.
  jwd2004i-i  "ffscosy1.f90", line 136: 'levrp1' is set but never used.
  jwd2004i-i  "ffscosy1.f90", line 136: 'clngrd' is set but never used.
  jwd2004i-i  "ffscosy1.f90", line 136: 'lnwav' is set but never used.
  jwd2004i-i  "ffscosy1.f90", line 136: 'lngrd' is set but never used.
  jwd2004i-i  "ffscosy1.f90", line 136: 'jumpr' is set but never used.
  jwd2004i-i  "ffscosy1.f90", line 141: 'np' is set but never used.
  jwd2004i-i  "ffscosy1.f90", line 141: 'nv' is set but never used.
  jwd2004i-i  "ffscosy1.f90", line 141: 'nu' is set but never used.
  jwd2004i-i  "ffscosy1.f90", line 141: 'nq' is set but never used.
  jwd2004i-i  "ffscosy1.f90", line 141: 'nt' is set but never used.
  jwd2004i-i  "ffscosy1.f90", line 142: 'order' is set but never used.
  jwd2004i-i  "ffscosy1.f90", line 213: 'ncpu' is set but never used.
  jwd2004i-i  "ffscosy1.f90", line 213: 'lotmin' is set but never used.
cpp -C -P -I. ffacosx1.F >ffacosx1.i
sed -e '/^\/\*/,/\*\/$/d' -e '/^ *$/d' ffacosx1.i >ffacosx1.f90 ; rm ffacosx1.i
frtpx -O3 -Kfast -CcdRR8 -c ffacosx1.f90
Fortran diagnostic messages: program name(ffacosx1)
  jwd2004i-i  "ffacosx1.f90", line 38: 'latr2' is set but never used.
  jwd2004i-i  "ffacosx1.f90", line 38: 'latg2' is set but never used.
  jwd2004i-i  "ffacosx1.f90", line 39: 'lnt22' is set but never used.
  jwd2004i-i  "ffacosx1.f90", line 39: 'lnt2' is set but never used.
  jwd2004i-i  "ffacosx1.f90", line 39: 'levp1' is set but never used.
  jwd2004i-i  "ffacosx1.f90", line 39: 'levm1' is set but never used.
  jwd2004i-i  "ffacosx1.f90", line 39: 'levh' is set but never used.
  jwd2004i-i  "ffacosx1.f90", line 40: 'lntod' is set but never used.
  jwd2004i-i  "ffacosx1.f90", line 40: 'lnted' is set but never used.
  jwd2004i-i  "ffacosx1.f90", line 41: 'lonrx' is set but never used.
  jwd2004i-i  "ffacosx1.f90", line 41: 'lonfx' is set but never used.
  jwd2004i-i  "ffacosx1.f90", line 42: 'lonb22' is set but never used.
  jwd2004i-i  "ffacosx1.f90", line 42: 'lonb2' is set but never used.
  jwd2004i-i  "ffacosx1.f90", line 42: 'latb2' is set but never used.
  jwd2004i-i  "ffacosx1.f90", line 42: 'jromb' is set but never used.
  jwd2004i-i  "ffacosx1.f90", line 43: 'lonr22' is set but never used.
  jwd2004i-i  "ffacosx1.f90", line 43: 'lonr2' is set but never used.
  jwd2004i-i  "ffacosx1.f90", line 43: 'lonf22' is set but never used.
  jwd2004i-i  "ffacosx1.f90", line 43: 'lonf2' is set but never used.
  jwd2004i-i  "ffacosx1.f90", line 44: 'lnut22' is set but never used.
  jwd2004i-i  "ffacosx1.f90", line 44: 'lnut2' is set but never used.
  jwd2004i-i  "ffacosx1.f90", line 44: 'lnu2' is set but never used.
  jwd2004i-i  "ffacosx1.f90", line 44: 'twoj1' is set but never used.
  jwd2004i-i  "ffacosx1.f90", line 45: 'nvect_d' is set but never used.
  jwd2004i-i  "ffacosx1.f90", line 46: 'latgd' is set but never used.
  jwd2004i-i  "ffacosx1.f90", line 46: 'nypt' is set but never used.
  jwd2004i-i  "ffacosx1.f90", line 47: 'ncldb' is set but never used.
  jwd2004i-i  "ffacosx1.f90", line 48: 'nmtvr' is set but never used.
  jwd2004i-i  "ffacosx1.f90", line 48: 'lsoil' is set but never used.
  jwd2004i-i  "ffacosx1.f90", line 49: 'mtnres' is set but never used.
  jwd2004i-i  "ffacosx1.f90", line 50: 'levro' is set but never used.
  jwd2004i-i  "ffacosx1.f90", line 50: 'jgrd1o' is set but never used.
  jwd2004i-i  "ffacosx1.f90", line 50: 'igrd1o' is set but never used.
  jwd2004i-i  "ffacosx1.f90", line 50: 'levri' is set but never used.
  jwd2004i-i  "ffacosx1.f90", line 50: 'jgrd1i' is set but never used.
  jwd2004i-i  "ffacosx1.f90", line 50: 'igrd1i' is set but never used.
  jwd2004i-i  "ffacosx1.f90", line 51: 'ksph' is set but never used.
  jwd2004i-i  "ffacosx1.f90", line 51: 'ilor' is set but never used.
  jwd2004i-i  "ffacosx1.f90", line 51: 'klot' is set but never used.
  jwd2004i-i  "ffacosx1.f90", line 51: 'jlot' is set but never used.
  jwd2004i-i  "ffacosx1.f90", line 51: 'ilot' is set but never used.
  jwd2004i-i  "ffacosx1.f90", line 52: 'num_p2d' is set but never used.
  jwd2004i-i  "ffacosx1.f90", line 52: 'num_p3d' is set but never used.
  jwd2006i-i  "ffacosx1.f90", line 136: 'jgrdcut' is declared but never referenced.
  jwd2006i-i  "ffacosx1.f90", line 136: 'igrdcut' is declared but never referenced.
  jwd2004i-i  "ffacosx1.f90", line 136: 'rmlvark' is set but never used.
  jwd2004i-i  "ffacosx1.f90", line 136: 'rslvark' is set but never used.
  jwd2004i-i  "ffacosx1.f90", line 136: 'rltstp' is set but never used.
  jwd2004i-i  "ffacosx1.f90", line 136: 'rlpnt' is set but never used.
  jwd2004i-i  "ffacosx1.f90", line 136: 'bgf' is set but never used.
  jwd2004i-i  "ffacosx1.f90", line 136: 'bsmooth' is set but never used.
  jwd2004i-i  "ffacosx1.f90", line 136: 'border' is set but never used.
  jwd2004i-i  "ffacosx1.f90", line 136: 'rgen' is set but never used.
  jwd2004i-i  "ffacosx1.f90", line 136: 'levrm1' is set but never used.
  jwd2004i-i  "ffacosx1.f90", line 136: 'levrp1' is set but never used.
  jwd2004i-i  "ffacosx1.f90", line 136: 'clngrd' is set but never used.
  jwd2004i-i  "ffacosx1.f90", line 136: 'lnwav' is set but never used.
  jwd2004i-i  "ffacosx1.f90", line 136: 'lngrd' is set but never used.
  jwd2004i-i  "ffacosx1.f90", line 136: 'jumpry' is set but never used.
  jwd2004i-i  "ffacosx1.f90", line 141: 'np' is set but never used.
  jwd2004i-i  "ffacosx1.f90", line 141: 'nv' is set but never used.
  jwd2004i-i  "ffacosx1.f90", line 141: 'nu' is set but never used.
  jwd2004i-i  "ffacosx1.f90", line 141: 'nq' is set but never used.
  jwd2004i-i  "ffacosx1.f90", line 141: 'nt' is set but never used.
  jwd2004i-i  "ffacosx1.f90", line 142: 'order' is set but never used.
  jwd2004i-i  "ffacosx1.f90", line 213: 'ncpu' is set but never used.
  jwd2004i-i  "ffacosx1.f90", line 213: 'lotmin' is set but never used.
cpp -C -P -I. ffacosy1.F >ffacosy1.i
sed -e '/^\/\*/,/\*\/$/d' -e '/^ *$/d' ffacosy1.i >ffacosy1.f90 ; rm ffacosy1.i
frtpx -O3 -Kfast -CcdRR8 -c ffacosy1.f90
Fortran diagnostic messages: program name(ffacosy1)
  jwd2004i-i  "ffacosy1.f90", line 40: 'latr2' is set but never used.
  jwd2004i-i  "ffacosy1.f90", line 40: 'latg2' is set but never used.
  jwd2004i-i  "ffacosy1.f90", line 41: 'lnt22' is set but never used.
  jwd2004i-i  "ffacosy1.f90", line 41: 'lnt2' is set but never used.
  jwd2004i-i  "ffacosy1.f90", line 41: 'levp1' is set but never used.
  jwd2004i-i  "ffacosy1.f90", line 41: 'levm1' is set but never used.
  jwd2004i-i  "ffacosy1.f90", line 41: 'levh' is set but never used.
  jwd2004i-i  "ffacosy1.f90", line 42: 'lntod' is set but never used.
  jwd2004i-i  "ffacosy1.f90", line 42: 'lnted' is set but never used.
  jwd2004i-i  "ffacosy1.f90", line 43: 'lonrx' is set but never used.
  jwd2004i-i  "ffacosy1.f90", line 43: 'lonfx' is set but never used.
  jwd2004i-i  "ffacosy1.f90", line 44: 'lonb22' is set but never used.
  jwd2004i-i  "ffacosy1.f90", line 44: 'lonb2' is set but never used.
  jwd2004i-i  "ffacosy1.f90", line 44: 'latb2' is set but never used.
  jwd2004i-i  "ffacosy1.f90", line 44: 'jromb' is set but never used.
  jwd2004i-i  "ffacosy1.f90", line 45: 'lonr22' is set but never used.
  jwd2004i-i  "ffacosy1.f90", line 45: 'lonr2' is set but never used.
  jwd2004i-i  "ffacosy1.f90", line 45: 'lonf22' is set but never used.
  jwd2004i-i  "ffacosy1.f90", line 45: 'lonf2' is set but never used.
  jwd2004i-i  "ffacosy1.f90", line 46: 'lnut22' is set but never used.
  jwd2004i-i  "ffacosy1.f90", line 46: 'lnut2' is set but never used.
  jwd2004i-i  "ffacosy1.f90", line 46: 'lnu2' is set but never used.
  jwd2004i-i  "ffacosy1.f90", line 46: 'twoj1' is set but never used.
  jwd2004i-i  "ffacosy1.f90", line 47: 'nvect_d' is set but never used.
  jwd2004i-i  "ffacosy1.f90", line 48: 'latgd' is set but never used.
  jwd2004i-i  "ffacosy1.f90", line 48: 'nypt' is set but never used.
  jwd2004i-i  "ffacosy1.f90", line 49: 'ncldb' is set but never used.
  jwd2004i-i  "ffacosy1.f90", line 50: 'nmtvr' is set but never used.
  jwd2004i-i  "ffacosy1.f90", line 50: 'lsoil' is set but never used.
  jwd2004i-i  "ffacosy1.f90", line 51: 'mtnres' is set but never used.
  jwd2004i-i  "ffacosy1.f90", line 52: 'levro' is set but never used.
  jwd2004i-i  "ffacosy1.f90", line 52: 'jgrd1o' is set but never used.
  jwd2004i-i  "ffacosy1.f90", line 52: 'igrd1o' is set but never used.
  jwd2004i-i  "ffacosy1.f90", line 52: 'levri' is set but never used.
  jwd2004i-i  "ffacosy1.f90", line 52: 'jgrd1i' is set but never used.
  jwd2004i-i  "ffacosy1.f90", line 52: 'igrd1i' is set but never used.
  jwd2004i-i  "ffacosy1.f90", line 53: 'ksph' is set but never used.
  jwd2004i-i  "ffacosy1.f90", line 53: 'ilor' is set but never used.
  jwd2004i-i  "ffacosy1.f90", line 53: 'klot' is set but never used.
  jwd2004i-i  "ffacosy1.f90", line 53: 'jlot' is set but never used.
  jwd2004i-i  "ffacosy1.f90", line 53: 'ilot' is set but never used.
  jwd2004i-i  "ffacosy1.f90", line 54: 'num_p2d' is set but never used.
  jwd2004i-i  "ffacosy1.f90", line 54: 'num_p3d' is set but never used.
  jwd2006i-i  "ffacosy1.f90", line 138: 'jgrdcut' is declared but never referenced.
  jwd2006i-i  "ffacosy1.f90", line 138: 'igrdcut' is declared but never referenced.
  jwd2004i-i  "ffacosy1.f90", line 138: 'rmlvark' is set but never used.
  jwd2004i-i  "ffacosy1.f90", line 138: 'rslvark' is set but never used.
  jwd2004i-i  "ffacosy1.f90", line 138: 'rltstp' is set but never used.
  jwd2004i-i  "ffacosy1.f90", line 138: 'rlpnt' is set but never used.
  jwd2004i-i  "ffacosy1.f90", line 138: 'bgf' is set but never used.
  jwd2004i-i  "ffacosy1.f90", line 138: 'bsmooth' is set but never used.
  jwd2004i-i  "ffacosy1.f90", line 138: 'border' is set but never used.
  jwd2004i-i  "ffacosy1.f90", line 138: 'rgen' is set but never used.
  jwd2004i-i  "ffacosy1.f90", line 138: 'levrm1' is set but never used.
  jwd2004i-i  "ffacosy1.f90", line 138: 'levrp1' is set but never used.
  jwd2004i-i  "ffacosy1.f90", line 138: 'clngrd' is set but never used.
  jwd2004i-i  "ffacosy1.f90", line 138: 'lnwav' is set but never used.
  jwd2004i-i  "ffacosy1.f90", line 138: 'lngrd' is set but never used.
  jwd2004i-i  "ffacosy1.f90", line 138: 'jumpr' is set but never used.
  jwd2004i-i  "ffacosy1.f90", line 143: 'np' is set but never used.
  jwd2004i-i  "ffacosy1.f90", line 143: 'nv' is set but never used.
  jwd2004i-i  "ffacosy1.f90", line 143: 'nu' is set but never used.
  jwd2004i-i  "ffacosy1.f90", line 143: 'nq' is set but never used.
  jwd2004i-i  "ffacosy1.f90", line 143: 'nt' is set but never used.
  jwd2004i-i  "ffacosy1.f90", line 144: 'order' is set but never used.
  jwd2004i-i  "ffacosy1.f90", line 215: 'ncpu' is set but never used.
  jwd2004i-i  "ffacosy1.f90", line 215: 'lotmin' is set but never used.
cpp -C -P -I. rmakepc.F >rmakepc.i
rmakepc.F:170:50: warning: missing terminating ' character
                    j1p1=j1+1                ! SCC's temp. fix 05/27/05
                                                  ^
rmakepc.F:171:50: warning: missing terminating ' character
                    j1p1=min(j1p1,jmn)       ! SCC's temp. fix 05/27/05
                                                  ^
sed -e '/^\/\*/,/\*\/$/d' -e '/^ *$/d' rmakepc.i >rmakepc.f90 ; rm rmakepc.i
frtpx -O3 -Kfast -CcdRR8 -c rmakepc.f90
Fortran diagnostic messages: program name(rmakepc)
  jwd2008i-i  "rmakepc.f90", line 1: Dummy argument 'jm' not used in this subprogram.
  jwd2008i-i  "rmakepc.f90", line 1: Dummy argument 'im' not used in this subprogram.
  jwd2004i-i  "rmakepc.f90", line 8: 'latr2' is set but never used.
  jwd2004i-i  "rmakepc.f90", line 8: 'latg2' is set but never used.
  jwd2004i-i  "rmakepc.f90", line 9: 'lnt22' is set but never used.
  jwd2004i-i  "rmakepc.f90", line 9: 'lnt2' is set but never used.
  jwd2004i-i  "rmakepc.f90", line 9: 'levp1' is set but never used.
  jwd2004i-i  "rmakepc.f90", line 9: 'levm1' is set but never used.
  jwd2004i-i  "rmakepc.f90", line 9: 'levh' is set but never used.
  jwd2004i-i  "rmakepc.f90", line 10: 'lntod' is set but never used.
  jwd2004i-i  "rmakepc.f90", line 10: 'lnted' is set but never used.
  jwd2004i-i  "rmakepc.f90", line 11: 'lonrx' is set but never used.
  jwd2004i-i  "rmakepc.f90", line 11: 'lonfx' is set but never used.
  jwd2004i-i  "rmakepc.f90", line 12: 'lonb22' is set but never used.
  jwd2004i-i  "rmakepc.f90", line 12: 'lonb2' is set but never used.
  jwd2004i-i  "rmakepc.f90", line 12: 'latb2' is set but never used.
  jwd2004i-i  "rmakepc.f90", line 12: 'jromb' is set but never used.
  jwd2004i-i  "rmakepc.f90", line 13: 'lonr22' is set but never used.
  jwd2004i-i  "rmakepc.f90", line 13: 'lonr2' is set but never used.
  jwd2004i-i  "rmakepc.f90", line 13: 'lonf22' is set but never used.
  jwd2004i-i  "rmakepc.f90", line 13: 'lonf2' is set but never used.
  jwd2004i-i  "rmakepc.f90", line 14: 'lnut22' is set but never used.
  jwd2004i-i  "rmakepc.f90", line 14: 'lnut2' is set but never used.
  jwd2004i-i  "rmakepc.f90", line 14: 'lnu2' is set but never used.
  jwd2004i-i  "rmakepc.f90", line 14: 'twoj1' is set but never used.
  jwd2004i-i  "rmakepc.f90", line 15: 'nvect_d' is set but never used.
  jwd2004i-i  "rmakepc.f90", line 16: 'latgd' is set but never used.
  jwd2004i-i  "rmakepc.f90", line 16: 'nypt' is set but never used.
  jwd2004i-i  "rmakepc.f90", line 17: 'ncldb' is set but never used.
  jwd2004i-i  "rmakepc.f90", line 18: 'nmtvr' is set but never used.
  jwd2004i-i  "rmakepc.f90", line 18: 'lsoil' is set but never used.
  jwd2004i-i  "rmakepc.f90", line 19: 'mtnres' is set but never used.
  jwd2004i-i  "rmakepc.f90", line 20: 'levro' is set but never used.
  jwd2004i-i  "rmakepc.f90", line 20: 'jgrd1o' is set but never used.
  jwd2004i-i  "rmakepc.f90", line 20: 'igrd1o' is set but never used.
  jwd2004i-i  "rmakepc.f90", line 20: 'levri' is set but never used.
  jwd2004i-i  "rmakepc.f90", line 20: 'jgrd1i' is set but never used.
  jwd2004i-i  "rmakepc.f90", line 20: 'igrd1i' is set but never used.
  jwd2004i-i  "rmakepc.f90", line 21: 'ksph' is set but never used.
  jwd2004i-i  "rmakepc.f90", line 21: 'ilor' is set but never used.
  jwd2004i-i  "rmakepc.f90", line 21: 'klot' is set but never used.
  jwd2004i-i  "rmakepc.f90", line 21: 'jlot' is set but never used.
  jwd2004i-i  "rmakepc.f90", line 21: 'ilot' is set but never used.
  jwd2004i-i  "rmakepc.f90", line 22: 'num_p2d' is set but never used.
  jwd2004i-i  "rmakepc.f90", line 22: 'num_p3d' is set but never used.
  jwd2006i-i  "rmakepc.f90", line 106: 'jgrdcut' is declared but never referenced.
  jwd2006i-i  "rmakepc.f90", line 106: 'igrdcut' is declared but never referenced.
  jwd2004i-i  "rmakepc.f90", line 106: 'rmlvark' is set but never used.
  jwd2004i-i  "rmakepc.f90", line 106: 'rslvark' is set but never used.
  jwd2004i-i  "rmakepc.f90", line 106: 'rltstp' is set but never used.
  jwd2004i-i  "rmakepc.f90", line 106: 'rlpnt' is set but never used.
  jwd2004i-i  "rmakepc.f90", line 106: 'bgf' is set but never used.
  jwd2004i-i  "rmakepc.f90", line 106: 'bsmooth' is set but never used.
  jwd2004i-i  "rmakepc.f90", line 106: 'border' is set but never used.
  jwd2004i-i  "rmakepc.f90", line 106: 'rgen' is set but never used.
  jwd2004i-i  "rmakepc.f90", line 106: 'levrm1' is set but never used.
  jwd2004i-i  "rmakepc.f90", line 106: 'levrp1' is set but never used.
  jwd2004i-i  "rmakepc.f90", line 106: 'clngrd' is set but never used.
  jwd2004i-i  "rmakepc.f90", line 106: 'lnwav' is set but never used.
  jwd2004i-i  "rmakepc.f90", line 106: 'lngrd' is set but never used.
  jwd2004i-i  "rmakepc.f90", line 106: 'jumpry' is set but never used.
  jwd2004i-i  "rmakepc.f90", line 106: 'jumpr' is set but never used.
  jwd2004i-i  "rmakepc.f90", line 111: 'np' is set but never used.
  jwd2004i-i  "rmakepc.f90", line 111: 'nv' is set but never used.
  jwd2004i-i  "rmakepc.f90", line 111: 'nu' is set but never used.
  jwd2004i-i  "rmakepc.f90", line 111: 'nq' is set but never used.
  jwd2004i-i  "rmakepc.f90", line 111: 'nt' is set but never used.
  jwd2004i-i  "rmakepc.f90", line 112: 'order' is set but never used.
  jwd2008i-i  "rmakepc.f90", line 184: Dummy argument 'sigma' not used in this subprogram.
  jwd2008i-i  "rmakepc.f90", line 184: Dummy argument 'gamma' not used in this subprogram.
  jwd2008i-i  "rmakepc.f90", line 184: Dummy argument 'theta' not used in this subprogram.
cpp -C -P -I. write_to_grads.F >write_to_grads.i
sed -e '/^\/\*/,/\*\/$/d' -e '/^ *$/d' write_to_grads.i >write_to_grads.f90 ; rm write_to_grads.i
frtpx -O3 -Kfast -CcdRR8 -c write_to_grads.f90
Fortran diagnostic messages: program name(write_to_grads)
  jwd8220o-i  "write_to_grads.f90", line 1: Optimizations is performed in this program unit with possibility of side effects. See informational messages below to determine which such optimizations have been performed.
  jwd8209o-i  "write_to_grads.f90", line 13: Evaluation order of polynomial expression is changed according to commutative law of addition and multiplication.
cpp -C -P -I. rftini.F >rftini.i
sed -e '/^\/\*/,/\*\/$/d' -e '/^ *$/d' rftini.i >rftini.f90 ; rm rftini.i
frtpx -O3 -Kfast -CcdRR8 -c rftini.f90
Fortran diagnostic messages: program name(rftini)
  jwd2004i-i  "rftini.f90", line 37: 'latr2' is set but never used.
  jwd2004i-i  "rftini.f90", line 37: 'latg2' is set but never used.
  jwd2004i-i  "rftini.f90", line 38: 'lnt22' is set but never used.
  jwd2004i-i  "rftini.f90", line 38: 'lnt2' is set but never used.
  jwd2004i-i  "rftini.f90", line 38: 'levp1' is set but never used.
  jwd2004i-i  "rftini.f90", line 38: 'levm1' is set but never used.
  jwd2004i-i  "rftini.f90", line 38: 'levh' is set but never used.
  jwd2004i-i  "rftini.f90", line 39: 'lntod' is set but never used.
  jwd2004i-i  "rftini.f90", line 39: 'lnted' is set but never used.
  jwd2004i-i  "rftini.f90", line 40: 'lonrx' is set but never used.
  jwd2004i-i  "rftini.f90", line 40: 'lonfx' is set but never used.
  jwd2004i-i  "rftini.f90", line 41: 'lonb22' is set but never used.
  jwd2004i-i  "rftini.f90", line 41: 'lonb2' is set but never used.
  jwd2004i-i  "rftini.f90", line 41: 'latb2' is set but never used.
  jwd2004i-i  "rftini.f90", line 41: 'jromb' is set but never used.
  jwd2004i-i  "rftini.f90", line 42: 'lonr22' is set but never used.
  jwd2004i-i  "rftini.f90", line 42: 'lonr2' is set but never used.
  jwd2004i-i  "rftini.f90", line 42: 'lonf22' is set but never used.
  jwd2004i-i  "rftini.f90", line 42: 'lonf2' is set but never used.
  jwd2004i-i  "rftini.f90", line 43: 'lnut22' is set but never used.
  jwd2004i-i  "rftini.f90", line 43: 'lnut2' is set but never used.
  jwd2004i-i  "rftini.f90", line 43: 'lnu2' is set but never used.
  jwd2004i-i  "rftini.f90", line 43: 'twoj1' is set but never used.
  jwd2004i-i  "rftini.f90", line 44: 'nvect_d' is set but never used.
  jwd2004i-i  "rftini.f90", line 45: 'latgd' is set but never used.
  jwd2004i-i  "rftini.f90", line 45: 'nypt' is set but never used.
  jwd2004i-i  "rftini.f90", line 46: 'ncldb' is set but never used.
  jwd2004i-i  "rftini.f90", line 47: 'nmtvr' is set but never used.
  jwd2004i-i  "rftini.f90", line 47: 'lsoil' is set but never used.
  jwd2004i-i  "rftini.f90", line 48: 'mtnres' is set but never used.
  jwd2004i-i  "rftini.f90", line 49: 'levro' is set but never used.
  jwd2004i-i  "rftini.f90", line 49: 'jgrd1o' is set but never used.
  jwd2004i-i  "rftini.f90", line 49: 'igrd1o' is set but never used.
  jwd2004i-i  "rftini.f90", line 49: 'levri' is set but never used.
  jwd2004i-i  "rftini.f90", line 49: 'jgrd1i' is set but never used.
  jwd2004i-i  "rftini.f90", line 49: 'igrd1i' is set but never used.
  jwd2004i-i  "rftini.f90", line 50: 'ksph' is set but never used.
  jwd2004i-i  "rftini.f90", line 50: 'ilor' is set but never used.
  jwd2004i-i  "rftini.f90", line 50: 'klot' is set but never used.
  jwd2004i-i  "rftini.f90", line 50: 'jlot' is set but never used.
  jwd2004i-i  "rftini.f90", line 50: 'ilot' is set but never used.
  jwd2004i-i  "rftini.f90", line 51: 'num_p2d' is set but never used.
  jwd2004i-i  "rftini.f90", line 51: 'num_p3d' is set but never used.
  jwd2006i-i  "rftini.f90", line 135: 'jgrdcut' is declared but never referenced.
  jwd2006i-i  "rftini.f90", line 135: 'igrdcut' is declared but never referenced.
  jwd2004i-i  "rftini.f90", line 135: 'rmlvark' is set but never used.
  jwd2004i-i  "rftini.f90", line 135: 'rslvark' is set but never used.
  jwd2004i-i  "rftini.f90", line 135: 'rltstp' is set but never used.
  jwd2004i-i  "rftini.f90", line 135: 'rlpnt' is set but never used.
  jwd2004i-i  "rftini.f90", line 135: 'bgf' is set but never used.
  jwd2004i-i  "rftini.f90", line 135: 'bsmooth' is set but never used.
  jwd2004i-i  "rftini.f90", line 135: 'border' is set but never used.
  jwd2004i-i  "rftini.f90", line 135: 'rgen' is set but never used.
  jwd2004i-i  "rftini.f90", line 135: 'levrm1' is set but never used.
  jwd2004i-i  "rftini.f90", line 135: 'levrp1' is set but never used.
  jwd2004i-i  "rftini.f90", line 135: 'clngrd' is set but never used.
  jwd2004i-i  "rftini.f90", line 135: 'lnwav' is set but never used.
  jwd2004i-i  "rftini.f90", line 135: 'lngrd' is set but never used.
  jwd2004i-i  "rftini.f90", line 135: 'jumpry' is set but never used.
  jwd2004i-i  "rftini.f90", line 135: 'jumpr' is set but never used.
  jwd2004i-i  "rftini.f90", line 140: 'np' is set but never used.
  jwd2004i-i  "rftini.f90", line 140: 'nv' is set but never used.
  jwd2004i-i  "rftini.f90", line 140: 'nu' is set but never used.
  jwd2004i-i  "rftini.f90", line 140: 'nq' is set but never used.
  jwd2004i-i  "rftini.f90", line 140: 'nt' is set but never used.
  jwd2004i-i  "rftini.f90", line 141: 'order' is set but never used.
cpp -C -P -I. setlatlon.F >setlatlon.i
sed -e '/^\/\*/,/\*\/$/d' -e '/^ *$/d' setlatlon.i >setlatlon.f90 ; rm setlatlon.i
frtpx -O3 -Kfast -CcdRR8 -c setlatlon.f90
Fortran diagnostic messages: program name(setlatlon)
  jwd8220o-i  "setlatlon.f90", line 1: Optimizations is performed in this program unit with possibility of side effects. See informational messages below to determine which such optimizations have been performed.
  jwd2004i-i  "setlatlon.f90", line 40: 'latr2' is set but never used.
  jwd2004i-i  "setlatlon.f90", line 40: 'latg2' is set but never used.
  jwd2004i-i  "setlatlon.f90", line 41: 'lnt22' is set but never used.
  jwd2004i-i  "setlatlon.f90", line 41: 'lnt2' is set but never used.
  jwd2004i-i  "setlatlon.f90", line 41: 'levp1' is set but never used.
  jwd2004i-i  "setlatlon.f90", line 41: 'levm1' is set but never used.
  jwd2004i-i  "setlatlon.f90", line 41: 'levh' is set but never used.
  jwd2004i-i  "setlatlon.f90", line 42: 'lntod' is set but never used.
  jwd2004i-i  "setlatlon.f90", line 42: 'lnted' is set but never used.
  jwd2004i-i  "setlatlon.f90", line 43: 'lonrx' is set but never used.
  jwd2004i-i  "setlatlon.f90", line 43: 'lonfx' is set but never used.
  jwd2004i-i  "setlatlon.f90", line 44: 'lonb22' is set but never used.
  jwd2004i-i  "setlatlon.f90", line 44: 'lonb2' is set but never used.
  jwd2004i-i  "setlatlon.f90", line 44: 'latb2' is set but never used.
  jwd2004i-i  "setlatlon.f90", line 44: 'jromb' is set but never used.
  jwd2004i-i  "setlatlon.f90", line 45: 'lonr22' is set but never used.
  jwd2004i-i  "setlatlon.f90", line 45: 'lonr2' is set but never used.
  jwd2004i-i  "setlatlon.f90", line 45: 'lonf22' is set but never used.
  jwd2004i-i  "setlatlon.f90", line 45: 'lonf2' is set but never used.
  jwd2004i-i  "setlatlon.f90", line 46: 'lnut22' is set but never used.
  jwd2004i-i  "setlatlon.f90", line 46: 'lnut2' is set but never used.
  jwd2004i-i  "setlatlon.f90", line 46: 'lnu2' is set but never used.
  jwd2004i-i  "setlatlon.f90", line 46: 'twoj1' is set but never used.
  jwd2004i-i  "setlatlon.f90", line 47: 'nvect_d' is set but never used.
  jwd2004i-i  "setlatlon.f90", line 48: 'latgd' is set but never used.
  jwd2004i-i  "setlatlon.f90", line 48: 'nypt' is set but never used.
  jwd2004i-i  "setlatlon.f90", line 49: 'ncldb' is set but never used.
  jwd2004i-i  "setlatlon.f90", line 50: 'nmtvr' is set but never used.
  jwd2004i-i  "setlatlon.f90", line 50: 'lsoil' is set but never used.
  jwd2004i-i  "setlatlon.f90", line 51: 'mtnres' is set but never used.
  jwd2004i-i  "setlatlon.f90", line 52: 'levro' is set but never used.
  jwd2004i-i  "setlatlon.f90", line 52: 'jgrd1o' is set but never used.
  jwd2004i-i  "setlatlon.f90", line 52: 'igrd1o' is set but never used.
  jwd2004i-i  "setlatlon.f90", line 52: 'levri' is set but never used.
  jwd2004i-i  "setlatlon.f90", line 52: 'jgrd1i' is set but never used.
  jwd2004i-i  "setlatlon.f90", line 52: 'igrd1i' is set but never used.
  jwd2004i-i  "setlatlon.f90", line 53: 'ksph' is set but never used.
  jwd2004i-i  "setlatlon.f90", line 53: 'ilor' is set but never used.
  jwd2004i-i  "setlatlon.f90", line 53: 'klot' is set but never used.
  jwd2004i-i  "setlatlon.f90", line 53: 'jlot' is set but never used.
  jwd2004i-i  "setlatlon.f90", line 53: 'ilot' is set but never used.
  jwd2004i-i  "setlatlon.f90", line 54: 'num_p2d' is set but never used.
  jwd2004i-i  "setlatlon.f90", line 54: 'num_p3d' is set but never used.
  jwd2006i-i  "setlatlon.f90", line 138: 'jgrdcut' is declared but never referenced.
  jwd2006i-i  "setlatlon.f90", line 138: 'igrdcut' is declared but never referenced.
  jwd2004i-i  "setlatlon.f90", line 138: 'rmlvark' is set but never used.
  jwd2004i-i  "setlatlon.f90", line 138: 'rslvark' is set but never used.
  jwd2004i-i  "setlatlon.f90", line 138: 'rltstp' is set but never used.
  jwd2004i-i  "setlatlon.f90", line 138: 'rlpnt' is set but never used.
  jwd2004i-i  "setlatlon.f90", line 138: 'bgf' is set but never used.
  jwd2004i-i  "setlatlon.f90", line 138: 'bsmooth' is set but never used.
  jwd2004i-i  "setlatlon.f90", line 138: 'border' is set but never used.
  jwd2004i-i  "setlatlon.f90", line 138: 'rgen' is set but never used.
  jwd2004i-i  "setlatlon.f90", line 138: 'levrm1' is set but never used.
  jwd2004i-i  "setlatlon.f90", line 138: 'levrp1' is set but never used.
  jwd2004i-i  "setlatlon.f90", line 138: 'clngrd' is set but never used.
  jwd2004i-i  "setlatlon.f90", line 138: 'lnwav' is set but never used.
  jwd2004i-i  "setlatlon.f90", line 138: 'jumpry' is set but never used.
  jwd2004i-i  "setlatlon.f90", line 138: 'jumpr' is set but never used.
  jwd2004i-i  "setlatlon.f90", line 143: 'np' is set but never used.
  jwd2004i-i  "setlatlon.f90", line 143: 'nv' is set but never used.
  jwd2004i-i  "setlatlon.f90", line 143: 'nu' is set but never used.
  jwd2004i-i  "setlatlon.f90", line 143: 'nq' is set but never used.
  jwd2004i-i  "setlatlon.f90", line 143: 'nt' is set but never used.
  jwd2004i-i  "setlatlon.f90", line 144: 'order' is set but never used.
  jwd8206o-i  "setlatlon.f90", line 230: Division is changed to multiplication by reciprocal.
  jwd8209o-i  "setlatlon.f90", line 258: Evaluation order of polynomial expression is changed according to commutative law of addition and multiplication.
  jwd8209o-i  "setlatlon.f90", line 259: Evaluation order of polynomial expression is changed according to commutative law of addition and multiplication.
  jwd8206o-i  "setlatlon.f90", line 283: Division is changed to multiplication by reciprocal.
  jwd8209o-i  "setlatlon.f90", line 301: Evaluation order of polynomial expression is changed according to commutative law of addition and multiplication.
  jwd8209o-i  "setlatlon.f90", line 302: Evaluation order of polynomial expression is changed according to commutative law of addition and multiplication.
  jwd8209o-i  "setlatlon.f90", line 309: Evaluation order of polynomial expression is changed according to commutative law of addition and multiplication.
  jwd8206o-i  "setlatlon.f90", line 311: Division is changed to multiplication by reciprocal.
  jwd8206o-i  "setlatlon.f90", line 313: Division is changed to multiplication by reciprocal.
  jwd8209o-i  "setlatlon.f90", line 327: Evaluation order of polynomial expression is changed according to commutative law of addition and multiplication.
  jwd8206o-i  "setlatlon.f90", line 328: Division is changed to multiplication by reciprocal.
  jwd8209o-i  "setlatlon.f90", line 328: Evaluation order of polynomial expression is changed according to commutative law of addition and multiplication.
  jwd8206o-i  "setlatlon.f90", line 331: Division is changed to multiplication by reciprocal.
  jwd8209o-i  "setlatlon.f90", line 331: Evaluation order of polynomial expression is changed according to commutative law of addition and multiplication.
cpp -C -P -I. ful2sgl.F >ful2sgl.i
sed -e '/^\/\*/,/\*\/$/d' -e '/^ *$/d' ful2sgl.i >ful2sgl.f90 ; rm ful2sgl.i
frtpx -O3 -Kfast -CcdRR8 -c ful2sgl.f90
cpp -C -P -I. fax.F >fax.i
sed -e '/^\/\*/,/\*\/$/d' -e '/^ *$/d' fax.i >fax.f90 ; rm fax.i
frtpx -O3 -Kfast -CcdRR8 -c fax.f90
cpp -C -P -I. fftrig.F >fftrig.i
sed -e '/^\/\*/,/\*\/$/d' -e '/^ *$/d' fftrig.i >fftrig.f90 ; rm fftrig.i
frtpx -O3 -Kfast -CcdRR8 -c fftrig.f90
Fortran diagnostic messages: program name(fftrig)
  jwd8220o-i  "fftrig.f90", line 1: Optimizations is performed in this program unit with possibility of side effects. See informational messages below to determine which such optimizations have been performed.
  jwd8209o-i  "fftrig.f90", line 11: Evaluation order of polynomial expression is changed according to commutative law of addition and multiplication.
  jwd8209o-i  "fftrig.f90", line 22: Evaluation order of polynomial expression is changed according to commutative law of addition and multiplication.
cpp -C -P -I. vpassm.F >vpassm.i
sed -e '/^\/\*/,/\*\/$/d' -e '/^ *$/d' vpassm.i >vpassm.f90 ; rm vpassm.i
frtpx -O3 -Kfast -CcdRR8 -c vpassm.f90
Fortran diagnostic messages: program name(vpassm)
  jwd8220o-i  "vpassm.f90", line 1: Optimizations is performed in this program unit with possibility of side effects. See informational messages below to determine which such optimizations have been performed.
  jwd8209o-i  "vpassm.f90", line 159: Evaluation order of polynomial expression is changed according to commutative law of addition and multiplication.
  jwd8209o-i  "vpassm.f90", line 160: Evaluation order of polynomial expression is changed according to commutative law of addition and multiplication.
  jwd8209o-i  "vpassm.f90", line 161: Evaluation order of polynomial expression is changed according to commutative law of addition and multiplication.
  jwd8209o-i  "vpassm.f90", line 162: Evaluation order of polynomial expression is changed according to commutative law of addition and multiplication.
  jwd8209o-i  "vpassm.f90", line 195: Evaluation order of polynomial expression is changed according to commutative law of addition and multiplication.
  jwd8209o-i  "vpassm.f90", line 198: Evaluation order of polynomial expression is changed according to commutative law of addition and multiplication.
  jwd8209o-i  "vpassm.f90", line 201: Evaluation order of polynomial expression is changed according to commutative law of addition and multiplication.
  jwd8209o-i  "vpassm.f90", line 204: Evaluation order of polynomial expression is changed according to commutative law of addition and multiplication.
  jwd8209o-i  "vpassm.f90", line 236: Evaluation order of polynomial expression is changed according to commutative law of addition and multiplication.
  jwd8209o-i  "vpassm.f90", line 238: Evaluation order of polynomial expression is changed according to commutative law of addition and multiplication.
  jwd8209o-i  "vpassm.f90", line 240: Evaluation order of polynomial expression is changed according to commutative law of addition and multiplication.
  jwd8209o-i  "vpassm.f90", line 242: Evaluation order of polynomial expression is changed according to commutative law of addition and multiplication.
  jwd8209o-i  "vpassm.f90", line 244: Evaluation order of polynomial expression is changed according to commutative law of addition and multiplication.
  jwd8209o-i  "vpassm.f90", line 246: Evaluation order of polynomial expression is changed according to commutative law of addition and multiplication.
  jwd8209o-i  "vpassm.f90", line 248: Evaluation order of polynomial expression is changed according to commutative law of addition and multiplication.
  jwd8209o-i  "vpassm.f90", line 250: Evaluation order of polynomial expression is changed according to commutative law of addition and multiplication.
  jwd8209o-i  "vpassm.f90", line 281: Evaluation order of polynomial expression is changed according to commutative law of addition and multiplication.
  jwd8209o-i  "vpassm.f90", line 286: Evaluation order of polynomial expression is changed according to commutative law of addition and multiplication.
  jwd8209o-i  "vpassm.f90", line 291: Evaluation order of polynomial expression is changed according to commutative law of addition and multiplication.
  jwd8209o-i  "vpassm.f90", line 296: Evaluation order of polynomial expression is changed according to commutative law of addition and multiplication.
  jwd8209o-i  "vpassm.f90", line 301: Evaluation order of polynomial expression is changed according to commutative law of addition and multiplication.
  jwd8209o-i  "vpassm.f90", line 306: Evaluation order of polynomial expression is changed according to commutative law of addition and multiplication.
  jwd8209o-i  "vpassm.f90", line 311: Evaluation order of polynomial expression is changed according to commutative law of addition and multiplication.
  jwd8209o-i  "vpassm.f90", line 316: Evaluation order of polynomial expression is changed according to commutative law of addition and multiplication.
cpp -C -P -I. fft99m.F >fft99m.i
sed -e '/^\/\*/,/\*\/$/d' -e '/^ *$/d' fft99m.i >fft99m.f90 ; rm fft99m.i
frtpx -O3 -Kfast -CcdRR8 -c fft99m.f90
cpp -C -P -I. fft99a.F >fft99a.i
sed -e '/^\/\*/,/\*\/$/d' -e '/^ *$/d' fft99a.i >fft99a.f90 ; rm fft99a.i
frtpx -O3 -Kfast -CcdRR8 -c fft99a.f90
Fortran diagnostic messages: program name(fft99a)
  jwd8220o-i  "fft99a.f90", line 1: Optimizations is performed in this program unit with possibility of side effects. See informational messages below to determine which such optimizations have been performed.
  jwd8209o-i  "fft99a.f90", line 44: Evaluation order of polynomial expression is changed according to commutative law of addition and multiplication.
  jwd8209o-i  "fft99a.f90", line 46: Evaluation order of polynomial expression is changed according to commutative law of addition and multiplication.
  jwd8209o-i  "fft99a.f90", line 66: Evaluation order of polynomial expression is changed according to commutative law of addition and multiplication.
cpp -C -P -I. fft99b.F >fft99b.i
sed -e '/^\/\*/,/\*\/$/d' -e '/^ *$/d' fft99b.i >fft99b.f90 ; rm fft99b.i
frtpx -O3 -Kfast -CcdRR8 -c fft99b.f90
Fortran diagnostic messages: program name(fft99b)
  jwd8220o-i  "fft99b.f90", line 1: Optimizations is performed in this program unit with possibility of side effects. See informational messages below to determine which such optimizations have been performed.
  jwd8209o-i  "fft99b.f90", line 47: Evaluation order of polynomial expression is changed according to commutative law of addition and multiplication.
  jwd8209o-i  "fft99b.f90", line 49: Evaluation order of polynomial expression is changed according to commutative law of addition and multiplication.
frtpx -O3 -Kfast -CcdRR8 -o rmtn.x machine.o physcons.o mainrmtn.o defg2r.o glats.o g2rini.o poly.o lnczs.o rmakeoal.o rmakeoao.o rmakemt.o rtersub.o maxmin.o shalfo.o ffscosx1.o ffscosy1.o ffacosx1.o ffacosy1.o rmakepc.o write_to_grads.o rftini.o setlatlon.o ful2sgl.o fax.o fftrig.o vpassm.o fft99m.o fft99a.o fft99b.o 
+ cp rmtn.x /nwpr/gfs/xb169/GEPSv3/rsm/run/exe/rmtn_init.x
+ mv inp_defdim.h defdim.h
+ mv inp_defopt.h defopt.h
+ '[' no = yes ']'
+ make -f Makefile_rmtn clean
rm -f *.o *.f90 *.mod core
+ make -f Makefile_rmtn
cpp -C -P -I. machine.F >machine.i
sed -e '/^\/\*/,/\*\/$/d' -e '/^ *$/d' machine.i >machine.f90 ; rm machine.i
frtpx -O3 -Kfast -CcdRR8 -c machine.f90
cpp -C -P -I. physcons.F >physcons.i
sed -e '/^\/\*/,/\*\/$/d' -e '/^ *$/d' physcons.i >physcons.f90 ; rm physcons.i
frtpx -O3 -Kfast -CcdRR8 -c physcons.f90
cpp -C -P -I. mainrmtn.F >mainrmtn.i
sed -e '/^\/\*/,/\*\/$/d' -e '/^ *$/d' mainrmtn.i >mainrmtn.f90 ; rm mainrmtn.i
frtpx -O3 -Kfast -CcdRR8 -c mainrmtn.f90
Fortran diagnostic messages: program name(mainrmtn)
  jwd8220o-i  "mainrmtn.f90", line 1: Optimizations is performed in this program unit with possibility of side effects. See informational messages below to determine which such optimizations have been performed.
  jwd2004i-i  "mainrmtn.f90", line 8: 'latr2' is set but never used.
  jwd2004i-i  "mainrmtn.f90", line 8: 'latg2' is set but never used.
  jwd2004i-i  "mainrmtn.f90", line 9: 'lnt22' is set but never used.
  jwd2004i-i  "mainrmtn.f90", line 9: 'lnt2' is set but never used.
  jwd2004i-i  "mainrmtn.f90", line 9: 'levp1' is set but never used.
  jwd2004i-i  "mainrmtn.f90", line 9: 'levm1' is set but never used.
  jwd2004i-i  "mainrmtn.f90", line 9: 'levh' is set but never used.
  jwd2004i-i  "mainrmtn.f90", line 10: 'lntod' is set but never used.
  jwd2004i-i  "mainrmtn.f90", line 10: 'lnted' is set but never used.
  jwd2004i-i  "mainrmtn.f90", line 11: 'lonrx' is set but never used.
  jwd2004i-i  "mainrmtn.f90", line 11: 'lonfx' is set but never used.
  jwd2004i-i  "mainrmtn.f90", line 12: 'lonb22' is set but never used.
  jwd2004i-i  "mainrmtn.f90", line 12: 'lonb2' is set but never used.
  jwd2004i-i  "mainrmtn.f90", line 12: 'latb2' is set but never used.
  jwd2004i-i  "mainrmtn.f90", line 12: 'jromb' is set but never used.
  jwd2004i-i  "mainrmtn.f90", line 13: 'lonr22' is set but never used.
  jwd2004i-i  "mainrmtn.f90", line 13: 'lonr2' is set but never used.
  jwd2004i-i  "mainrmtn.f90", line 13: 'lonf22' is set but never used.
  jwd2004i-i  "mainrmtn.f90", line 13: 'lonf2' is set but never used.
  jwd2004i-i  "mainrmtn.f90", line 14: 'lnut22' is set but never used.
  jwd2004i-i  "mainrmtn.f90", line 14: 'lnut2' is set but never used.
  jwd2004i-i  "mainrmtn.f90", line 14: 'lnu2' is set but never used.
  jwd2004i-i  "mainrmtn.f90", line 14: 'twoj1' is set but never used.
  jwd2004i-i  "mainrmtn.f90", line 15: 'nvect_d' is set but never used.
  jwd2004i-i  "mainrmtn.f90", line 16: 'latgd' is set but never used.
  jwd2004i-i  "mainrmtn.f90", line 16: 'nypt' is set but never used.
  jwd2004i-i  "mainrmtn.f90", line 17: 'ncldb' is set but never used.
  jwd2004i-i  "mainrmtn.f90", line 18: 'lsoil' is set but never used.
  jwd2004i-i  "mainrmtn.f90", line 20: 'levro' is set but never used.
  jwd2004i-i  "mainrmtn.f90", line 20: 'jgrd1o' is set but never used.
  jwd2004i-i  "mainrmtn.f90", line 20: 'igrd1o' is set but never used.
  jwd2004i-i  "mainrmtn.f90", line 20: 'levri' is set but never used.
  jwd2004i-i  "mainrmtn.f90", line 20: 'jgrd1i' is set but never used.
  jwd2004i-i  "mainrmtn.f90", line 20: 'igrd1i' is set but never used.
  jwd2004i-i  "mainrmtn.f90", line 21: 'ksph' is set but never used.
  jwd2004i-i  "mainrmtn.f90", line 21: 'ilor' is set but never used.
  jwd2004i-i  "mainrmtn.f90", line 21: 'klot' is set but never used.
  jwd2004i-i  "mainrmtn.f90", line 21: 'jlot' is set but never used.
  jwd2004i-i  "mainrmtn.f90", line 21: 'ilot' is set but never used.
  jwd2004i-i  "mainrmtn.f90", line 22: 'num_p2d' is set but never used.
  jwd2004i-i  "mainrmtn.f90", line 22: 'num_p3d' is set but never used.
  jwd2006i-i  "mainrmtn.f90", line 106: 'jgrdcut' is declared but never referenced.
  jwd2006i-i  "mainrmtn.f90", line 106: 'igrdcut' is declared but never referenced.
  jwd2004i-i  "mainrmtn.f90", line 106: 'rmlvark' is set but never used.
  jwd2004i-i  "mainrmtn.f90", line 106: 'rslvark' is set but never used.
  jwd2004i-i  "mainrmtn.f90", line 106: 'rltstp' is set but never used.
  jwd2004i-i  "mainrmtn.f90", line 106: 'rlpnt' is set but never used.
  jwd2004i-i  "mainrmtn.f90", line 106: 'bgf' is set but never used.
  jwd2004i-i  "mainrmtn.f90", line 106: 'bsmooth' is set but never used.
  jwd2004i-i  "mainrmtn.f90", line 106: 'border' is set but never used.
  jwd2004i-i  "mainrmtn.f90", line 106: 'rgen' is set but never used.
  jwd2004i-i  "mainrmtn.f90", line 106: 'levrm1' is set but never used.
  jwd2004i-i  "mainrmtn.f90", line 106: 'levrp1' is set but never used.
  jwd2004i-i  "mainrmtn.f90", line 106: 'clngrd' is set but never used.
  jwd2004i-i  "mainrmtn.f90", line 106: 'lnwav' is set but never used.
  jwd2004i-i  "mainrmtn.f90", line 106: 'lngrd' is set but never used.
  jwd2004i-i  "mainrmtn.f90", line 106: 'jumpry' is set but never used.
  jwd2004i-i  "mainrmtn.f90", line 106: 'jumpr' is set but never used.
  jwd2004i-i  "mainrmtn.f90", line 111: 'np' is set but never used.
  jwd2004i-i  "mainrmtn.f90", line 111: 'nv' is set but never used.
  jwd2004i-i  "mainrmtn.f90", line 111: 'nu' is set but never used.
  jwd2004i-i  "mainrmtn.f90", line 111: 'nq' is set but never used.
  jwd2004i-i  "mainrmtn.f90", line 111: 'nt' is set but never used.
  jwd2004i-i  "mainrmtn.f90", line 112: 'order' is set but never used.
  jwd2004i-i  "mainrmtn.f90", line 192: 'clon2' is set but never used.
  jwd2004i-i  "mainrmtn.f90", line 192: 'clon1' is set but never used.
  jwd2004i-i  "mainrmtn.f90", line 192: 'clat2' is set but never used.
  jwd2004i-i  "mainrmtn.f90", line 192: 'clat1' is set but never used.
  jwd8206o-i  "mainrmtn.f90", line 219: Division is changed to multiplication by reciprocal.
  jwd8209o-i  "mainrmtn.f90", line 219: Evaluation order of polynomial expression is changed according to commutative law of addition and multiplication.
  jwd8206o-i  "mainrmtn.f90", line 220: Division is changed to multiplication by reciprocal.
  jwd8209o-i  "mainrmtn.f90", line 220: Evaluation order of polynomial expression is changed according to commutative law of addition and multiplication.
  jwd8206o-i  "mainrmtn.f90", line 223: Division is changed to multiplication by reciprocal.
  jwd8206o-i  "mainrmtn.f90", line 234: Division is changed to multiplication by reciprocal.
cpp -C -P -I. defg2r.F >defg2r.i
sed -e '/^\/\*/,/\*\/$/d' -e '/^ *$/d' defg2r.i >defg2r.f90 ; rm defg2r.i
frtpx -O3 -Kfast -CcdRR8 -c defg2r.f90
Fortran diagnostic messages: program name(defg2r)
  jwd8220o-i  "defg2r.f90", line 2: Optimizations is performed in this program unit with possibility of side effects. See informational messages below to determine which such optimizations have been performed.
  jwd2004i-i  "defg2r.f90", line 15: 'twopi' is set but never used.
  jwd2004i-i  "defg2r.f90", line 16: 'qtpi' is set but never used.
  jwd2004i-i  "defg2r.f90", line 17: 'rad' is set but never used.
  jwd8206o-i  "defg2r.f90", line 26: Division is changed to multiplication by reciprocal.
  jwd8209o-i  "defg2r.f90", line 26: Evaluation order of polynomial expression is changed according to commutative law of addition and multiplication.
  jwd8206o-i  "defg2r.f90", line 27: Division is changed to multiplication by reciprocal.
  jwd8209o-i  "defg2r.f90", line 27: Evaluation order of polynomial expression is changed according to commutative law of addition and multiplication.
  jwd8206o-i  "defg2r.f90", line 35: Division is changed to multiplication by reciprocal.
  jwd8206o-i  "defg2r.f90", line 36: Division is changed to multiplication by reciprocal.
  jwd2004i-i  "defg2r.f90", line 47: 'latp2' is set but never used.
  jwd2004i-i  "defg2r.f90", line 48: 'latm1' is set but never used.
  jwd8206o-i  "defg2r.f90", line 51: Division is changed to multiplication by reciprocal.
  jwd8209o-i  "defg2r.f90", line 59: Evaluation order of polynomial expression is changed according to commutative law of addition and multiplication.
  jwd8206o-i  "defg2r.f90", line 59: Division is changed to multiplication by reciprocal.
cpp -C -P -I. glats.F >glats.i
sed -e '/^\/\*/,/\*\/$/d' -e '/^ *$/d' glats.i >glats.f90 ; rm glats.i
frtpx -O3 -Kfast -CcdRR8 -c glats.f90
Fortran diagnostic messages: program name(glats)
  jwd8220o-i  "glats.f90", line 1: Optimizations is performed in this program unit with possibility of side effects. See informational messages below to determine which such optimizations have been performed.
  jwd2004i-i  "glats.f90", line 65: 'phi' is set but never used.
  jwd8206o-i  "glats.f90", line 65: Division is changed to multiplication by reciprocal.
  jwd8209o-i  "glats.f90", line 68: Evaluation order of polynomial expression is changed according to commutative law of addition and multiplication.
  jwd8206o-i  "glats.f90", line 72: Division is changed to multiplication by reciprocal.
  jwd8206o-i  "glats.f90", line 74: Division is changed to multiplication by reciprocal.
cpp -C -P -I. g2rini.F >g2rini.i
sed -e '/^\/\*/,/\*\/$/d' -e '/^ *$/d' g2rini.i >g2rini.f90 ; rm g2rini.i
frtpx -O3 -Kfast -CcdRR8 -c g2rini.f90
Fortran diagnostic messages: program name(g2rini)
  jwd8220o-i  "g2rini.f90", line 1: Optimizations is performed in this program unit with possibility of side effects. See informational messages below to determine which such optimizations have been performed.
  jwd2004i-i  "g2rini.f90", line 42: 'latr2' is set but never used.
  jwd2004i-i  "g2rini.f90", line 42: 'latg2' is set but never used.
  jwd2004i-i  "g2rini.f90", line 43: 'lnt22' is set but never used.
  jwd2004i-i  "g2rini.f90", line 43: 'lnt2' is set but never used.
  jwd2004i-i  "g2rini.f90", line 43: 'levp1' is set but never used.
  jwd2004i-i  "g2rini.f90", line 43: 'levm1' is set but never used.
  jwd2004i-i  "g2rini.f90", line 43: 'levh' is set but never used.
  jwd2004i-i  "g2rini.f90", line 44: 'lntod' is set but never used.
  jwd2004i-i  "g2rini.f90", line 44: 'lnted' is set but never used.
  jwd2004i-i  "g2rini.f90", line 45: 'lonrx' is set but never used.
  jwd2004i-i  "g2rini.f90", line 45: 'lonfx' is set but never used.
  jwd2004i-i  "g2rini.f90", line 46: 'lonb22' is set but never used.
  jwd2004i-i  "g2rini.f90", line 46: 'lonb2' is set but never used.
  jwd2004i-i  "g2rini.f90", line 46: 'latb2' is set but never used.
  jwd2004i-i  "g2rini.f90", line 46: 'jromb' is set but never used.
  jwd2004i-i  "g2rini.f90", line 47: 'lonr22' is set but never used.
  jwd2004i-i  "g2rini.f90", line 47: 'lonr2' is set but never used.
  jwd2004i-i  "g2rini.f90", line 47: 'lonf22' is set but never used.
  jwd2004i-i  "g2rini.f90", line 47: 'lonf2' is set but never used.
  jwd2004i-i  "g2rini.f90", line 48: 'lnut22' is set but never used.
  jwd2004i-i  "g2rini.f90", line 48: 'lnut2' is set but never used.
  jwd2004i-i  "g2rini.f90", line 48: 'lnu2' is set but never used.
  jwd2004i-i  "g2rini.f90", line 48: 'twoj1' is set but never used.
  jwd2004i-i  "g2rini.f90", line 49: 'nvect_d' is set but never used.
  jwd2004i-i  "g2rini.f90", line 50: 'latgd' is set but never used.
  jwd2004i-i  "g2rini.f90", line 50: 'nypt' is set but never used.
  jwd2004i-i  "g2rini.f90", line 51: 'ncldb' is set but never used.
  jwd2004i-i  "g2rini.f90", line 52: 'nmtvr' is set but never used.
  jwd2004i-i  "g2rini.f90", line 52: 'lsoil' is set but never used.
  jwd2004i-i  "g2rini.f90", line 53: 'mtnres' is set but never used.
  jwd2004i-i  "g2rini.f90", line 54: 'levro' is set but never used.
  jwd2004i-i  "g2rini.f90", line 54: 'jgrd1o' is set but never used.
  jwd2004i-i  "g2rini.f90", line 54: 'igrd1o' is set but never used.
  jwd2004i-i  "g2rini.f90", line 54: 'levri' is set but never used.
  jwd2004i-i  "g2rini.f90", line 54: 'jgrd1i' is set but never used.
  jwd2004i-i  "g2rini.f90", line 54: 'igrd1i' is set but never used.
  jwd2004i-i  "g2rini.f90", line 55: 'ksph' is set but never used.
  jwd2004i-i  "g2rini.f90", line 55: 'ilor' is set but never used.
  jwd2004i-i  "g2rini.f90", line 55: 'klot' is set but never used.
  jwd2004i-i  "g2rini.f90", line 55: 'jlot' is set but never used.
  jwd2004i-i  "g2rini.f90", line 55: 'ilot' is set but never used.
  jwd2004i-i  "g2rini.f90", line 56: 'num_p2d' is set but never used.
  jwd2004i-i  "g2rini.f90", line 56: 'num_p3d' is set but never used.
  jwd2006i-i  "g2rini.f90", line 140: 'jgrdcut' is declared but never referenced.
  jwd2006i-i  "g2rini.f90", line 140: 'igrdcut' is declared but never referenced.
  jwd2004i-i  "g2rini.f90", line 140: 'rmlvark' is set but never used.
  jwd2004i-i  "g2rini.f90", line 140: 'rslvark' is set but never used.
  jwd2004i-i  "g2rini.f90", line 140: 'rltstp' is set but never used.
  jwd2004i-i  "g2rini.f90", line 140: 'rlpnt' is set but never used.
  jwd2004i-i  "g2rini.f90", line 140: 'bgf' is set but never used.
  jwd2004i-i  "g2rini.f90", line 140: 'bsmooth' is set but never used.
  jwd2004i-i  "g2rini.f90", line 140: 'border' is set but never used.
  jwd2004i-i  "g2rini.f90", line 140: 'rgen' is set but never used.
  jwd2004i-i  "g2rini.f90", line 140: 'levrm1' is set but never used.
  jwd2004i-i  "g2rini.f90", line 140: 'levrp1' is set but never used.
  jwd2004i-i  "g2rini.f90", line 140: 'clngrd' is set but never used.
  jwd2004i-i  "g2rini.f90", line 140: 'lnwav' is set but never used.
  jwd2004i-i  "g2rini.f90", line 140: 'jumpry' is set but never used.
  jwd2004i-i  "g2rini.f90", line 140: 'jumpr' is set but never used.
  jwd2004i-i  "g2rini.f90", line 145: 'np' is set but never used.
  jwd2004i-i  "g2rini.f90", line 145: 'nv' is set but never used.
  jwd2004i-i  "g2rini.f90", line 145: 'nu' is set but never used.
  jwd2004i-i  "g2rini.f90", line 145: 'nq' is set but never used.
  jwd2004i-i  "g2rini.f90", line 145: 'nt' is set but never used.
  jwd2004i-i  "g2rini.f90", line 146: 'order' is set but never used.
  jwd8206o-i  "g2rini.f90", line 241: Division is changed to multiplication by reciprocal.
  jwd8206o-i  "g2rini.f90", line 242: Division is changed to multiplication by reciprocal.
cpp -C -P -I. poly.F >poly.i
sed -e '/^\/\*/,/\*\/$/d' -e '/^ *$/d' poly.i >poly.f90 ; rm poly.i
frtpx -O3 -Kfast -CcdRR8 -c poly.f90
Fortran diagnostic messages: program name(poly)
  jwd8220o-i  "poly.f90", line 1: Optimizations is performed in this program unit with possibility of side effects. See informational messages below to determine which such optimizations have been performed.
  jwd8209o-i  "poly.f90", line 32: Evaluation order of polynomial expression is changed according to commutative law of addition and multiplication.
  jwd8220o-i  "poly.f90", line 32: Optimizations is performed in this program unit with possibility of side effects. See informational messages below to determine which such optimizations have been performed.
cpp -C -P -I. lnczs.F >lnczs.i
sed -e '/^\/\*/,/\*\/$/d' -e '/^ *$/d' lnczs.i >lnczs.f90 ; rm lnczs.i
frtpx -O3 -Kfast -CcdRR8 -c lnczs.f90
cpp -C -P -I. rmakeoal.F >rmakeoal.i
sed -e '/^\/\*/,/\*\/$/d' -e '/^ *$/d' rmakeoal.i >rmakeoal.f90 ; rm rmakeoal.i
frtpx -O3 -Kfast -CcdRR8 -c rmakeoal.f90
Fortran diagnostic messages: program name(rmakeoal)
  jwd8220o-i  "rmakeoal.f90", line 2: Optimizations is performed in this program unit with possibility of side effects. See informational messages below to determine which such optimizations have been performed.
  jwd2004i-i  "rmakeoal.f90", line 6: 'latr2' is set but never used.
  jwd2004i-i  "rmakeoal.f90", line 6: 'latg2' is set but never used.
  jwd2004i-i  "rmakeoal.f90", line 7: 'lnt22' is set but never used.
  jwd2004i-i  "rmakeoal.f90", line 7: 'lnt2' is set but never used.
  jwd2004i-i  "rmakeoal.f90", line 7: 'levp1' is set but never used.
  jwd2004i-i  "rmakeoal.f90", line 7: 'levm1' is set but never used.
  jwd2004i-i  "rmakeoal.f90", line 7: 'levh' is set but never used.
  jwd2004i-i  "rmakeoal.f90", line 8: 'lntod' is set but never used.
  jwd2004i-i  "rmakeoal.f90", line 8: 'lnted' is set but never used.
  jwd2004i-i  "rmakeoal.f90", line 9: 'lonrx' is set but never used.
  jwd2004i-i  "rmakeoal.f90", line 9: 'lonfx' is set but never used.
  jwd2004i-i  "rmakeoal.f90", line 10: 'lonb22' is set but never used.
  jwd2004i-i  "rmakeoal.f90", line 10: 'lonb2' is set but never used.
  jwd2004i-i  "rmakeoal.f90", line 10: 'latb2' is set but never used.
  jwd2004i-i  "rmakeoal.f90", line 10: 'jromb' is set but never used.
  jwd2004i-i  "rmakeoal.f90", line 11: 'lonr22' is set but never used.
  jwd2004i-i  "rmakeoal.f90", line 11: 'lonr2' is set but never used.
  jwd2004i-i  "rmakeoal.f90", line 11: 'lonf22' is set but never used.
  jwd2004i-i  "rmakeoal.f90", line 11: 'lonf2' is set but never used.
  jwd2004i-i  "rmakeoal.f90", line 12: 'lnut22' is set but never used.
  jwd2004i-i  "rmakeoal.f90", line 12: 'lnut2' is set but never used.
  jwd2004i-i  "rmakeoal.f90", line 12: 'lnu2' is set but never used.
  jwd2004i-i  "rmakeoal.f90", line 12: 'twoj1' is set but never used.
  jwd2004i-i  "rmakeoal.f90", line 13: 'nvect_d' is set but never used.
  jwd2004i-i  "rmakeoal.f90", line 14: 'latgd' is set but never used.
  jwd2004i-i  "rmakeoal.f90", line 14: 'nypt' is set but never used.
  jwd2004i-i  "rmakeoal.f90", line 15: 'ncldb' is set but never used.
  jwd2004i-i  "rmakeoal.f90", line 16: 'nmtvr' is set but never used.
  jwd2004i-i  "rmakeoal.f90", line 16: 'lsoil' is set but never used.
  jwd2004i-i  "rmakeoal.f90", line 18: 'levro' is set but never used.
  jwd2004i-i  "rmakeoal.f90", line 18: 'jgrd1o' is set but never used.
  jwd2004i-i  "rmakeoal.f90", line 18: 'igrd1o' is set but never used.
  jwd2004i-i  "rmakeoal.f90", line 18: 'levri' is set but never used.
  jwd2004i-i  "rmakeoal.f90", line 18: 'jgrd1i' is set but never used.
  jwd2004i-i  "rmakeoal.f90", line 18: 'igrd1i' is set but never used.
  jwd2004i-i  "rmakeoal.f90", line 19: 'ksph' is set but never used.
  jwd2004i-i  "rmakeoal.f90", line 19: 'ilor' is set but never used.
  jwd2004i-i  "rmakeoal.f90", line 19: 'klot' is set but never used.
  jwd2004i-i  "rmakeoal.f90", line 19: 'jlot' is set but never used.
  jwd2004i-i  "rmakeoal.f90", line 19: 'ilot' is set but never used.
  jwd2004i-i  "rmakeoal.f90", line 20: 'num_p2d' is set but never used.
  jwd2004i-i  "rmakeoal.f90", line 20: 'num_p3d' is set but never used.
  jwd2006i-i  "rmakeoal.f90", line 104: 'jgrdcut' is declared but never referenced.
  jwd2006i-i  "rmakeoal.f90", line 104: 'igrdcut' is declared but never referenced.
  jwd2004i-i  "rmakeoal.f90", line 104: 'rmlvark' is set but never used.
  jwd2004i-i  "rmakeoal.f90", line 104: 'rslvark' is set but never used.
  jwd2004i-i  "rmakeoal.f90", line 104: 'rltstp' is set but never used.
  jwd2004i-i  "rmakeoal.f90", line 104: 'rlpnt' is set but never used.
  jwd2004i-i  "rmakeoal.f90", line 104: 'bgf' is set but never used.
  jwd2004i-i  "rmakeoal.f90", line 104: 'bsmooth' is set but never used.
  jwd2004i-i  "rmakeoal.f90", line 104: 'border' is set but never used.
  jwd2004i-i  "rmakeoal.f90", line 104: 'rgen' is set but never used.
  jwd2004i-i  "rmakeoal.f90", line 104: 'levrm1' is set but never used.
  jwd2004i-i  "rmakeoal.f90", line 104: 'levrp1' is set but never used.
  jwd2004i-i  "rmakeoal.f90", line 104: 'clngrd' is set but never used.
  jwd2004i-i  "rmakeoal.f90", line 104: 'lnwav' is set but never used.
  jwd2004i-i  "rmakeoal.f90", line 104: 'lngrd' is set but never used.
  jwd2004i-i  "rmakeoal.f90", line 104: 'jumpry' is set but never used.
  jwd2004i-i  "rmakeoal.f90", line 104: 'jumpr' is set but never used.
  jwd2004i-i  "rmakeoal.f90", line 109: 'np' is set but never used.
  jwd2004i-i  "rmakeoal.f90", line 109: 'nv' is set but never used.
  jwd2004i-i  "rmakeoal.f90", line 109: 'nu' is set but never used.
  jwd2004i-i  "rmakeoal.f90", line 109: 'nq' is set but never used.
  jwd2004i-i  "rmakeoal.f90", line 109: 'nt' is set but never used.
  jwd2004i-i  "rmakeoal.f90", line 110: 'order' is set but never used.
  jwd8206o-i  "rmakeoal.f90", line 207: Division is changed to multiplication by reciprocal.
  jwd8209o-i  "rmakeoal.f90", line 207: Evaluation order of polynomial expression is changed according to commutative law of addition and multiplication.
  jwd8208o-i  "rmakeoal.f90", line 237: Method of calculating sum or product is changed.
  jwd8208o-i  "rmakeoal.f90", line 292: Method of calculating sum or product is changed.
  jwd8208o-i  "rmakeoal.f90", line 308: Method of calculating sum or product is changed.
  jwd8209o-i  "rmakeoal.f90", line 352: Evaluation order of polynomial expression is changed according to commutative law of addition and multiplication.
  jwd8209o-i  "rmakeoal.f90", line 358: Evaluation order of polynomial expression is changed according to commutative law of addition and multiplication.
cpp -C -P -I. rmakeoao.F >rmakeoao.i
sed -e '/^\/\*/,/\*\/$/d' -e '/^ *$/d' rmakeoao.i >rmakeoao.f90 ; rm rmakeoao.i
frtpx -O3 -Kfast -CcdRR8 -c rmakeoao.f90
Fortran diagnostic messages: program name(rmakeoao)
  jwd8220o-i  "rmakeoao.f90", line 2: Optimizations is performed in this program unit with possibility of side effects. See informational messages below to determine which such optimizations have been performed.
  jwd2004i-i  "rmakeoao.f90", line 7: 'latr2' is set but never used.
  jwd2004i-i  "rmakeoao.f90", line 7: 'latg2' is set but never used.
  jwd2004i-i  "rmakeoao.f90", line 8: 'lnt22' is set but never used.
  jwd2004i-i  "rmakeoao.f90", line 8: 'lnt2' is set but never used.
  jwd2004i-i  "rmakeoao.f90", line 8: 'levp1' is set but never used.
  jwd2004i-i  "rmakeoao.f90", line 8: 'levm1' is set but never used.
  jwd2004i-i  "rmakeoao.f90", line 8: 'levh' is set but never used.
  jwd2004i-i  "rmakeoao.f90", line 9: 'lntod' is set but never used.
  jwd2004i-i  "rmakeoao.f90", line 9: 'lnted' is set but never used.
  jwd2004i-i  "rmakeoao.f90", line 10: 'lonrx' is set but never used.
  jwd2004i-i  "rmakeoao.f90", line 10: 'lonfx' is set but never used.
  jwd2004i-i  "rmakeoao.f90", line 11: 'lonb22' is set but never used.
  jwd2004i-i  "rmakeoao.f90", line 11: 'lonb2' is set but never used.
  jwd2004i-i  "rmakeoao.f90", line 11: 'latb2' is set but never used.
  jwd2004i-i  "rmakeoao.f90", line 11: 'jromb' is set but never used.
  jwd2004i-i  "rmakeoao.f90", line 12: 'lonr22' is set but never used.
  jwd2004i-i  "rmakeoao.f90", line 12: 'lonr2' is set but never used.
  jwd2004i-i  "rmakeoao.f90", line 12: 'lonf22' is set but never used.
  jwd2004i-i  "rmakeoao.f90", line 12: 'lonf2' is set but never used.
  jwd2004i-i  "rmakeoao.f90", line 13: 'lnut22' is set but never used.
  jwd2004i-i  "rmakeoao.f90", line 13: 'lnut2' is set but never used.
  jwd2004i-i  "rmakeoao.f90", line 13: 'lnu2' is set but never used.
  jwd2004i-i  "rmakeoao.f90", line 13: 'twoj1' is set but never used.
  jwd2004i-i  "rmakeoao.f90", line 14: 'nvect_d' is set but never used.
  jwd2004i-i  "rmakeoao.f90", line 15: 'latgd' is set but never used.
  jwd2004i-i  "rmakeoao.f90", line 15: 'nypt' is set but never used.
  jwd2004i-i  "rmakeoao.f90", line 16: 'ncldb' is set but never used.
  jwd2004i-i  "rmakeoao.f90", line 17: 'nmtvr' is set but never used.
  jwd2004i-i  "rmakeoao.f90", line 17: 'lsoil' is set but never used.
  jwd2004i-i  "rmakeoao.f90", line 19: 'levro' is set but never used.
  jwd2004i-i  "rmakeoao.f90", line 19: 'jgrd1o' is set but never used.
  jwd2004i-i  "rmakeoao.f90", line 19: 'igrd1o' is set but never used.
  jwd2004i-i  "rmakeoao.f90", line 19: 'levri' is set but never used.
  jwd2004i-i  "rmakeoao.f90", line 19: 'jgrd1i' is set but never used.
  jwd2004i-i  "rmakeoao.f90", line 19: 'igrd1i' is set but never used.
  jwd2004i-i  "rmakeoao.f90", line 20: 'ksph' is set but never used.
  jwd2004i-i  "rmakeoao.f90", line 20: 'ilor' is set but never used.
  jwd2004i-i  "rmakeoao.f90", line 20: 'klot' is set but never used.
  jwd2004i-i  "rmakeoao.f90", line 20: 'jlot' is set but never used.
  jwd2004i-i  "rmakeoao.f90", line 20: 'ilot' is set but never used.
  jwd2004i-i  "rmakeoao.f90", line 21: 'num_p2d' is set but never used.
  jwd2004i-i  "rmakeoao.f90", line 21: 'num_p3d' is set but never used.
  jwd2006i-i  "rmakeoao.f90", line 105: 'jgrdcut' is declared but never referenced.
  jwd2006i-i  "rmakeoao.f90", line 105: 'igrdcut' is declared but never referenced.
  jwd2004i-i  "rmakeoao.f90", line 105: 'rmlvark' is set but never used.
  jwd2004i-i  "rmakeoao.f90", line 105: 'rslvark' is set but never used.
  jwd2004i-i  "rmakeoao.f90", line 105: 'rltstp' is set but never used.
  jwd2004i-i  "rmakeoao.f90", line 105: 'rlpnt' is set but never used.
  jwd2004i-i  "rmakeoao.f90", line 105: 'bgf' is set but never used.
  jwd2004i-i  "rmakeoao.f90", line 105: 'bsmooth' is set but never used.
  jwd2004i-i  "rmakeoao.f90", line 105: 'border' is set but never used.
  jwd2004i-i  "rmakeoao.f90", line 105: 'rgen' is set but never used.
  jwd2004i-i  "rmakeoao.f90", line 105: 'levrm1' is set but never used.
  jwd2004i-i  "rmakeoao.f90", line 105: 'levrp1' is set but never used.
  jwd2004i-i  "rmakeoao.f90", line 105: 'clngrd' is set but never used.
  jwd2004i-i  "rmakeoao.f90", line 105: 'lnwav' is set but never used.
  jwd2004i-i  "rmakeoao.f90", line 105: 'lngrd' is set but never used.
  jwd2004i-i  "rmakeoao.f90", line 105: 'jumpry' is set but never used.
  jwd2004i-i  "rmakeoao.f90", line 105: 'jumpr' is set but never used.
  jwd2004i-i  "rmakeoao.f90", line 110: 'np' is set but never used.
  jwd2004i-i  "rmakeoao.f90", line 110: 'nv' is set but never used.
  jwd2004i-i  "rmakeoao.f90", line 110: 'nu' is set but never used.
  jwd2004i-i  "rmakeoao.f90", line 110: 'nq' is set but never used.
  jwd2004i-i  "rmakeoao.f90", line 110: 'nt' is set but never used.
  jwd2004i-i  "rmakeoao.f90", line 111: 'order' is set but never used.
  jwd8206o-i  "rmakeoao.f90", line 200: Division is changed to multiplication by reciprocal.
  jwd8209o-i  "rmakeoao.f90", line 200: Evaluation order of polynomial expression is changed according to commutative law of addition and multiplication.
  jwd8208o-i  "rmakeoao.f90", line 227: Method of calculating sum or product is changed.
  jwd8208o-i  "rmakeoao.f90", line 231: Method of calculating sum or product is changed.
  jwd8209o-i  "rmakeoao.f90", line 303: Evaluation order of polynomial expression is changed according to commutative law of addition and multiplication.
  jwd8209o-i  "rmakeoao.f90", line 331: Evaluation order of polynomial expression is changed according to commutative law of addition and multiplication.
  jwd8209o-i  "rmakeoao.f90", line 337: Evaluation order of polynomial expression is changed according to commutative law of addition and multiplication.
  jwd8209o-i  "rmakeoao.f90", line 338: Evaluation order of polynomial expression is changed according to commutative law of addition and multiplication.
cpp -C -P -I. rmakemt.F >rmakemt.i
sed -e '/^\/\*/,/\*\/$/d' -e '/^ *$/d' rmakemt.i >rmakemt.f90 ; rm rmakemt.i
frtpx -O3 -Kfast -CcdRR8 -c rmakemt.f90
Fortran diagnostic messages: program name(rmakemt)
  jwd8220o-i  "rmakemt.f90", line 5: Optimizations is performed in this program unit with possibility of side effects. See informational messages below to determine which such optimizations have been performed.
  jwd2004i-i  "rmakemt.f90", line 10: 'latr2' is set but never used.
  jwd2004i-i  "rmakemt.f90", line 10: 'latg2' is set but never used.
  jwd2004i-i  "rmakemt.f90", line 11: 'lnt22' is set but never used.
  jwd2004i-i  "rmakemt.f90", line 11: 'lnt2' is set but never used.
  jwd2004i-i  "rmakemt.f90", line 11: 'levp1' is set but never used.
  jwd2004i-i  "rmakemt.f90", line 11: 'levm1' is set but never used.
  jwd2004i-i  "rmakemt.f90", line 11: 'levh' is set but never used.
  jwd2004i-i  "rmakemt.f90", line 12: 'lntod' is set but never used.
  jwd2004i-i  "rmakemt.f90", line 12: 'lnted' is set but never used.
  jwd2004i-i  "rmakemt.f90", line 13: 'lonrx' is set but never used.
  jwd2004i-i  "rmakemt.f90", line 13: 'lonfx' is set but never used.
  jwd2004i-i  "rmakemt.f90", line 14: 'lonb22' is set but never used.
  jwd2004i-i  "rmakemt.f90", line 14: 'lonb2' is set but never used.
  jwd2004i-i  "rmakemt.f90", line 14: 'latb2' is set but never used.
  jwd2004i-i  "rmakemt.f90", line 14: 'jromb' is set but never used.
  jwd2004i-i  "rmakemt.f90", line 15: 'lonr22' is set but never used.
  jwd2004i-i  "rmakemt.f90", line 15: 'lonr2' is set but never used.
  jwd2004i-i  "rmakemt.f90", line 15: 'lonf22' is set but never used.
  jwd2004i-i  "rmakemt.f90", line 15: 'lonf2' is set but never used.
  jwd2004i-i  "rmakemt.f90", line 16: 'lnut22' is set but never used.
  jwd2004i-i  "rmakemt.f90", line 16: 'lnut2' is set but never used.
  jwd2004i-i  "rmakemt.f90", line 16: 'lnu2' is set but never used.
  jwd2004i-i  "rmakemt.f90", line 16: 'twoj1' is set but never used.
  jwd2004i-i  "rmakemt.f90", line 17: 'nvect_d' is set but never used.
  jwd2004i-i  "rmakemt.f90", line 18: 'latgd' is set but never used.
  jwd2004i-i  "rmakemt.f90", line 18: 'nypt' is set but never used.
  jwd2004i-i  "rmakemt.f90", line 19: 'ncldb' is set but never used.
  jwd2004i-i  "rmakemt.f90", line 20: 'nmtvr' is set but never used.
  jwd2004i-i  "rmakemt.f90", line 20: 'lsoil' is set but never used.
  jwd2004i-i  "rmakemt.f90", line 22: 'levro' is set but never used.
  jwd2004i-i  "rmakemt.f90", line 22: 'jgrd1o' is set but never used.
  jwd2004i-i  "rmakemt.f90", line 22: 'igrd1o' is set but never used.
  jwd2004i-i  "rmakemt.f90", line 22: 'levri' is set but never used.
  jwd2004i-i  "rmakemt.f90", line 22: 'jgrd1i' is set but never used.
  jwd2004i-i  "rmakemt.f90", line 22: 'igrd1i' is set but never used.
  jwd2004i-i  "rmakemt.f90", line 23: 'ksph' is set but never used.
  jwd2004i-i  "rmakemt.f90", line 23: 'ilor' is set but never used.
  jwd2004i-i  "rmakemt.f90", line 23: 'klot' is set but never used.
  jwd2004i-i  "rmakemt.f90", line 23: 'jlot' is set but never used.
  jwd2004i-i  "rmakemt.f90", line 23: 'ilot' is set but never used.
  jwd2004i-i  "rmakemt.f90", line 24: 'num_p2d' is set but never used.
  jwd2004i-i  "rmakemt.f90", line 24: 'num_p3d' is set but never used.
  jwd2006i-i  "rmakemt.f90", line 108: 'jgrdcut' is declared but never referenced.
  jwd2006i-i  "rmakemt.f90", line 108: 'igrdcut' is declared but never referenced.
  jwd2004i-i  "rmakemt.f90", line 108: 'rmlvark' is set but never used.
  jwd2004i-i  "rmakemt.f90", line 108: 'rslvark' is set but never used.
  jwd2004i-i  "rmakemt.f90", line 108: 'rltstp' is set but never used.
  jwd2004i-i  "rmakemt.f90", line 108: 'rlpnt' is set but never used.
  jwd2004i-i  "rmakemt.f90", line 108: 'bgf' is set but never used.
  jwd2004i-i  "rmakemt.f90", line 108: 'bsmooth' is set but never used.
  jwd2004i-i  "rmakemt.f90", line 108: 'border' is set but never used.
  jwd2004i-i  "rmakemt.f90", line 108: 'rgen' is set but never used.
  jwd2004i-i  "rmakemt.f90", line 108: 'levrm1' is set but never used.
  jwd2004i-i  "rmakemt.f90", line 108: 'levrp1' is set but never used.
  jwd2004i-i  "rmakemt.f90", line 108: 'clngrd' is set but never used.
  jwd2004i-i  "rmakemt.f90", line 108: 'lnwav' is set but never used.
  jwd2004i-i  "rmakemt.f90", line 108: 'lngrd' is set but never used.
  jwd2004i-i  "rmakemt.f90", line 108: 'jumpry' is set but never used.
  jwd2004i-i  "rmakemt.f90", line 108: 'jumpr' is set but never used.
  jwd2004i-i  "rmakemt.f90", line 113: 'np' is set but never used.
  jwd2004i-i  "rmakemt.f90", line 113: 'nv' is set but never used.
  jwd2004i-i  "rmakemt.f90", line 113: 'nu' is set but never used.
  jwd2004i-i  "rmakemt.f90", line 113: 'nq' is set but never used.
  jwd2004i-i  "rmakemt.f90", line 113: 'nt' is set but never used.
  jwd2004i-i  "rmakemt.f90", line 114: 'order' is set but never used.
  jwd2006i-i  "rmakemt.f90", line 192: 'flag' is declared but never referenced.
  jwd2004i-i  "rmakemt.f90", line 195: 'im1' is set but never used.
  jwd2004i-i  "rmakemt.f90", line 196: 'jm1' is set but never used.
  jwd8206o-i  "rmakemt.f90", line 203: Division is changed to multiplication by reciprocal.
  jwd8208o-i  "rmakemt.f90", line 252: Method of calculating sum or product is changed.
  jwd8208o-i  "rmakemt.f90", line 303: Method of calculating sum or product is changed.
  jwd8208o-i  "rmakemt.f90", line 304: Method of calculating sum or product is changed.
  jwd8208o-i  "rmakemt.f90", line 313: Method of calculating sum or product is changed.
  jwd8209o-i  "rmakemt.f90", line 319: Evaluation order of polynomial expression is changed according to commutative law of addition and multiplication.
cpp -C -P -I. rtersub.F >rtersub.i
sed -e '/^\/\*/,/\*\/$/d' -e '/^ *$/d' rtersub.i >rtersub.f90 ; rm rtersub.i
frtpx -O3 -Kfast -CcdRR8 -c rtersub.f90
Fortran diagnostic messages: program name(rtersub)
  jwd2008i-i  "rtersub.f90", line 2: Dummy argument 'condir' not used in this subprogram.
  jwd2008i-i  "rtersub.f90", line 2: Dummy argument 'iml' not used in this subprogram.
  jwd2004i-i  "rtersub.f90", line 8: 'latr2' is set but never used.
  jwd2004i-i  "rtersub.f90", line 8: 'latg2' is set but never used.
  jwd2004i-i  "rtersub.f90", line 9: 'lnt22' is set but never used.
  jwd2004i-i  "rtersub.f90", line 9: 'lnt2' is set but never used.
  jwd2004i-i  "rtersub.f90", line 9: 'levp1' is set but never used.
  jwd2004i-i  "rtersub.f90", line 9: 'levm1' is set but never used.
  jwd2004i-i  "rtersub.f90", line 9: 'levh' is set but never used.
  jwd2004i-i  "rtersub.f90", line 10: 'lntod' is set but never used.
  jwd2004i-i  "rtersub.f90", line 10: 'lnted' is set but never used.
  jwd2004i-i  "rtersub.f90", line 11: 'lonrx' is set but never used.
  jwd2004i-i  "rtersub.f90", line 11: 'lonfx' is set but never used.
  jwd2004i-i  "rtersub.f90", line 12: 'lonb22' is set but never used.
  jwd2004i-i  "rtersub.f90", line 12: 'lonb2' is set but never used.
  jwd2004i-i  "rtersub.f90", line 12: 'latb2' is set but never used.
  jwd2004i-i  "rtersub.f90", line 12: 'jromb' is set but never used.
  jwd2004i-i  "rtersub.f90", line 13: 'lonr22' is set but never used.
  jwd2004i-i  "rtersub.f90", line 13: 'lonr2' is set but never used.
  jwd2004i-i  "rtersub.f90", line 13: 'lonf22' is set but never used.
  jwd2004i-i  "rtersub.f90", line 13: 'lonf2' is set but never used.
  jwd2004i-i  "rtersub.f90", line 14: 'lnut22' is set but never used.
  jwd2004i-i  "rtersub.f90", line 14: 'lnut2' is set but never used.
  jwd2004i-i  "rtersub.f90", line 14: 'lnu2' is set but never used.
  jwd2004i-i  "rtersub.f90", line 14: 'twoj1' is set but never used.
  jwd2004i-i  "rtersub.f90", line 15: 'nvect_d' is set but never used.
  jwd2004i-i  "rtersub.f90", line 16: 'latgd' is set but never used.
  jwd2004i-i  "rtersub.f90", line 16: 'nypt' is set but never used.
  jwd2004i-i  "rtersub.f90", line 17: 'ncldb' is set but never used.
  jwd2004i-i  "rtersub.f90", line 18: 'lsoil' is set but never used.
  jwd2004i-i  "rtersub.f90", line 19: 'mtnres' is set but never used.
  jwd2004i-i  "rtersub.f90", line 20: 'levro' is set but never used.
  jwd2004i-i  "rtersub.f90", line 20: 'jgrd1o' is set but never used.
  jwd2004i-i  "rtersub.f90", line 20: 'igrd1o' is set but never used.
  jwd2004i-i  "rtersub.f90", line 20: 'levri' is set but never used.
  jwd2004i-i  "rtersub.f90", line 20: 'jgrd1i' is set but never used.
  jwd2004i-i  "rtersub.f90", line 20: 'igrd1i' is set but never used.
  jwd2004i-i  "rtersub.f90", line 21: 'ksph' is set but never used.
  jwd2004i-i  "rtersub.f90", line 21: 'ilor' is set but never used.
  jwd2004i-i  "rtersub.f90", line 21: 'klot' is set but never used.
  jwd2004i-i  "rtersub.f90", line 21: 'jlot' is set but never used.
  jwd2004i-i  "rtersub.f90", line 21: 'ilot' is set but never used.
  jwd2004i-i  "rtersub.f90", line 22: 'num_p2d' is set but never used.
  jwd2004i-i  "rtersub.f90", line 22: 'num_p3d' is set but never used.
  jwd2006i-i  "rtersub.f90", line 106: 'jgrdcut' is declared but never referenced.
  jwd2006i-i  "rtersub.f90", line 106: 'igrdcut' is declared but never referenced.
  jwd2004i-i  "rtersub.f90", line 106: 'rmlvark' is set but never used.
  jwd2004i-i  "rtersub.f90", line 106: 'rslvark' is set but never used.
  jwd2004i-i  "rtersub.f90", line 106: 'rltstp' is set but never used.
  jwd2004i-i  "rtersub.f90", line 106: 'rlpnt' is set but never used.
  jwd2004i-i  "rtersub.f90", line 106: 'bgf' is set but never used.
  jwd2004i-i  "rtersub.f90", line 106: 'bsmooth' is set but never used.
  jwd2004i-i  "rtersub.f90", line 106: 'border' is set but never used.
  jwd2004i-i  "rtersub.f90", line 106: 'rgen' is set but never used.
  jwd2004i-i  "rtersub.f90", line 106: 'levrm1' is set but never used.
  jwd2004i-i  "rtersub.f90", line 106: 'levrp1' is set but never used.
  jwd2004i-i  "rtersub.f90", line 106: 'clngrd' is set but never used.
  jwd2004i-i  "rtersub.f90", line 106: 'jumpry' is set but never used.
  jwd2004i-i  "rtersub.f90", line 106: 'jumpr' is set but never used.
  jwd2004i-i  "rtersub.f90", line 111: 'np' is set but never used.
  jwd2004i-i  "rtersub.f90", line 111: 'nv' is set but never used.
  jwd2004i-i  "rtersub.f90", line 111: 'nu' is set but never used.
  jwd2004i-i  "rtersub.f90", line 111: 'nq' is set but never used.
  jwd2004i-i  "rtersub.f90", line 111: 'nt' is set but never used.
  jwd2004i-i  "rtersub.f90", line 190: 'mtnvar' is set but never used.
  jwd2006i-i  "rtersub.f90", line 194: 'd11' is declared but never referenced.
  jwd2006i-i  "rtersub.f90", line 194: 'gclat' is declared but never referenced.
  jwd2006i-i  "rtersub.f90", line 198: 'n11' is declared but never referenced.
  jwd2006i-i  "rtersub.f90", line 198: 'n10' is declared but never referenced.
  jwd2006i-i  "rtersub.f90", line 198: 'n01' is declared but never referenced.
  jwd2006i-i  "rtersub.f90", line 198: 'n00' is declared but never referenced.
  jwd2006i-i  "rtersub.f90", line 201: 'var' is declared but never referenced.
  jwd2006i-i  "rtersub.f90", line 202: 'ol' is declared but never referenced.
  jwd2006i-i  "rtersub.f90", line 202: 'oa' is declared but never referenced.
  jwd2006i-i  "rtersub.f90", line 202: 'var4' is declared but never referenced.
  jwd2006i-i  "rtersub.f90", line 203: 'gamma' is declared but never referenced.
  jwd2006i-i  "rtersub.f90", line 203: 'theta' is declared but never referenced.
  jwd2006i-i  "rtersub.f90", line 204: 'elvmax' is declared but never referenced.
  jwd2006i-i  "rtersub.f90", line 204: 'sigma' is declared but never referenced.
  jwd2006i-i  "rtersub.f90", line 205: 'grid2' is declared but never referenced.
  jwd2006i-i  "rtersub.f90", line 205: 'grids' is declared but never referenced.
  jwd2006i-i  "rtersub.f90", line 206: 'tmp2' is declared but never referenced.
  jwd2006i-i  "rtersub.f90", line 206: 'tmp' is declared but never referenced.
  jwd2006i-i  "rtersub.f90", line 208: 'wgtcs' is declared but never referenced.
  jwd2006i-i  "rtersub.f90", line 208: 'wgt' is declared but never referenced.
  jwd2006i-i  "rtersub.f90", line 208: 'colrad' is declared but never referenced.
  jwd2006i-i  "rtersub.f90", line 209: 'rcs2' is declared but never referenced.
  jwd2006i-i  "rtersub.f90", line 211: 'elvv' is declared but never referenced.
  jwd2006i-i  "rtersub.f90", line 211: 'olll' is declared but never referenced.
  jwd2006i-i  "rtersub.f90", line 213: 'hprimes' is declared but never referenced.
  jwd2006i-i  "rtersub.f90", line 214: 'endtime' is declared but never referenced.
  jwd2006i-i  "rtersub.f90", line 214: 'starttime' is declared but never referenced.
cpp -C -P -I. maxmin.F >maxmin.i
sed -e '/^\/\*/,/\*\/$/d' -e '/^ *$/d' maxmin.i >maxmin.f90 ; rm maxmin.i
frtpx -O3 -Kfast -CcdRR8 -c maxmin.f90
cpp -C -P -I. shalfo.F >shalfo.i
sed -e '/^\/\*/,/\*\/$/d' -e '/^ *$/d' shalfo.i >shalfo.f90 ; rm shalfo.i
frtpx -O3 -Kfast -CcdRR8 -c shalfo.f90
Fortran diagnostic messages: program name(shalfo)
  jwd2004i-i  "shalfo.f90", line 50: 'latr2' is set but never used.
  jwd2004i-i  "shalfo.f90", line 50: 'latg2' is set but never used.
  jwd2004i-i  "shalfo.f90", line 51: 'lnt22' is set but never used.
  jwd2004i-i  "shalfo.f90", line 51: 'lnt2' is set but never used.
  jwd2004i-i  "shalfo.f90", line 51: 'levp1' is set but never used.
  jwd2004i-i  "shalfo.f90", line 51: 'levm1' is set but never used.
  jwd2004i-i  "shalfo.f90", line 51: 'levh' is set but never used.
  jwd2004i-i  "shalfo.f90", line 52: 'lntod' is set but never used.
  jwd2004i-i  "shalfo.f90", line 52: 'lnted' is set but never used.
  jwd2004i-i  "shalfo.f90", line 53: 'lonrx' is set but never used.
  jwd2004i-i  "shalfo.f90", line 53: 'lonfx' is set but never used.
  jwd2004i-i  "shalfo.f90", line 54: 'lonb22' is set but never used.
  jwd2004i-i  "shalfo.f90", line 54: 'lonb2' is set but never used.
  jwd2004i-i  "shalfo.f90", line 54: 'latb2' is set but never used.
  jwd2004i-i  "shalfo.f90", line 54: 'jromb' is set but never used.
  jwd2004i-i  "shalfo.f90", line 55: 'lonr22' is set but never used.
  jwd2004i-i  "shalfo.f90", line 55: 'lonr2' is set but never used.
  jwd2004i-i  "shalfo.f90", line 55: 'lonf22' is set but never used.
  jwd2004i-i  "shalfo.f90", line 55: 'lonf2' is set but never used.
  jwd2004i-i  "shalfo.f90", line 56: 'lnut22' is set but never used.
  jwd2004i-i  "shalfo.f90", line 56: 'lnut2' is set but never used.
  jwd2004i-i  "shalfo.f90", line 56: 'lnu2' is set but never used.
  jwd2004i-i  "shalfo.f90", line 56: 'twoj1' is set but never used.
  jwd2004i-i  "shalfo.f90", line 57: 'nvect_d' is set but never used.
  jwd2004i-i  "shalfo.f90", line 58: 'latgd' is set but never used.
  jwd2004i-i  "shalfo.f90", line 58: 'nypt' is set but never used.
  jwd2004i-i  "shalfo.f90", line 59: 'ncldb' is set but never used.
  jwd2004i-i  "shalfo.f90", line 60: 'nmtvr' is set but never used.
  jwd2004i-i  "shalfo.f90", line 60: 'lsoil' is set but never used.
  jwd2004i-i  "shalfo.f90", line 61: 'mtnres' is set but never used.
  jwd2004i-i  "shalfo.f90", line 62: 'levro' is set but never used.
  jwd2004i-i  "shalfo.f90", line 62: 'jgrd1o' is set but never used.
  jwd2004i-i  "shalfo.f90", line 62: 'igrd1o' is set but never used.
  jwd2004i-i  "shalfo.f90", line 62: 'levri' is set but never used.
  jwd2004i-i  "shalfo.f90", line 62: 'jgrd1i' is set but never used.
  jwd2004i-i  "shalfo.f90", line 62: 'igrd1i' is set but never used.
  jwd2004i-i  "shalfo.f90", line 63: 'ksph' is set but never used.
  jwd2004i-i  "shalfo.f90", line 63: 'ilor' is set but never used.
  jwd2004i-i  "shalfo.f90", line 63: 'klot' is set but never used.
  jwd2004i-i  "shalfo.f90", line 63: 'jlot' is set but never used.
  jwd2004i-i  "shalfo.f90", line 63: 'ilot' is set but never used.
  jwd2004i-i  "shalfo.f90", line 64: 'num_p2d' is set but never used.
  jwd2004i-i  "shalfo.f90", line 64: 'num_p3d' is set but never used.
  jwd2006i-i  "shalfo.f90", line 148: 'jgrdcut' is declared but never referenced.
  jwd2006i-i  "shalfo.f90", line 148: 'igrdcut' is declared but never referenced.
  jwd2004i-i  "shalfo.f90", line 148: 'rmlvark' is set but never used.
  jwd2004i-i  "shalfo.f90", line 148: 'rslvark' is set but never used.
  jwd2004i-i  "shalfo.f90", line 148: 'rltstp' is set but never used.
  jwd2004i-i  "shalfo.f90", line 148: 'rlpnt' is set but never used.
  jwd2004i-i  "shalfo.f90", line 148: 'bgf' is set but never used.
  jwd2004i-i  "shalfo.f90", line 148: 'bsmooth' is set but never used.
  jwd2004i-i  "shalfo.f90", line 148: 'border' is set but never used.
  jwd2004i-i  "shalfo.f90", line 148: 'rgen' is set but never used.
  jwd2004i-i  "shalfo.f90", line 148: 'levrm1' is set but never used.
  jwd2004i-i  "shalfo.f90", line 148: 'levrp1' is set but never used.
  jwd2004i-i  "shalfo.f90", line 148: 'clngrd' is set but never used.
  jwd2004i-i  "shalfo.f90", line 148: 'lnwav' is set but never used.
  jwd2004i-i  "shalfo.f90", line 148: 'lngrd' is set but never used.
  jwd2004i-i  "shalfo.f90", line 148: 'jumpry' is set but never used.
  jwd2004i-i  "shalfo.f90", line 148: 'jumpr' is set but never used.
  jwd2004i-i  "shalfo.f90", line 153: 'np' is set but never used.
  jwd2004i-i  "shalfo.f90", line 153: 'nv' is set but never used.
  jwd2004i-i  "shalfo.f90", line 153: 'nu' is set but never used.
  jwd2004i-i  "shalfo.f90", line 153: 'nq' is set but never used.
  jwd2004i-i  "shalfo.f90", line 153: 'nt' is set but never used.
  jwd2004i-i  "shalfo.f90", line 154: 'order' is set but never used.
  jwd2005i-w  "shalfo.f90", line 232: 'jgrd12' is used but never set.
cpp -C -P -I. ffscosx1.F >ffscosx1.i
sed -e '/^\/\*/,/\*\/$/d' -e '/^ *$/d' ffscosx1.i >ffscosx1.f90 ; rm ffscosx1.i
frtpx -O3 -Kfast -CcdRR8 -c ffscosx1.f90
Fortran diagnostic messages: program name(ffscosx1)
  jwd2004i-i  "ffscosx1.f90", line 38: 'latr2' is set but never used.
  jwd2004i-i  "ffscosx1.f90", line 38: 'latg2' is set but never used.
  jwd2004i-i  "ffscosx1.f90", line 39: 'lnt22' is set but never used.
  jwd2004i-i  "ffscosx1.f90", line 39: 'lnt2' is set but never used.
  jwd2004i-i  "ffscosx1.f90", line 39: 'levp1' is set but never used.
  jwd2004i-i  "ffscosx1.f90", line 39: 'levm1' is set but never used.
  jwd2004i-i  "ffscosx1.f90", line 39: 'levh' is set but never used.
  jwd2004i-i  "ffscosx1.f90", line 40: 'lntod' is set but never used.
  jwd2004i-i  "ffscosx1.f90", line 40: 'lnted' is set but never used.
  jwd2004i-i  "ffscosx1.f90", line 41: 'lonrx' is set but never used.
  jwd2004i-i  "ffscosx1.f90", line 41: 'lonfx' is set but never used.
  jwd2004i-i  "ffscosx1.f90", line 42: 'lonb22' is set but never used.
  jwd2004i-i  "ffscosx1.f90", line 42: 'lonb2' is set but never used.
  jwd2004i-i  "ffscosx1.f90", line 42: 'latb2' is set but never used.
  jwd2004i-i  "ffscosx1.f90", line 42: 'jromb' is set but never used.
  jwd2004i-i  "ffscosx1.f90", line 43: 'lonr22' is set but never used.
  jwd2004i-i  "ffscosx1.f90", line 43: 'lonr2' is set but never used.
  jwd2004i-i  "ffscosx1.f90", line 43: 'lonf22' is set but never used.
  jwd2004i-i  "ffscosx1.f90", line 43: 'lonf2' is set but never used.
  jwd2004i-i  "ffscosx1.f90", line 44: 'lnut22' is set but never used.
  jwd2004i-i  "ffscosx1.f90", line 44: 'lnut2' is set but never used.
  jwd2004i-i  "ffscosx1.f90", line 44: 'lnu2' is set but never used.
  jwd2004i-i  "ffscosx1.f90", line 44: 'twoj1' is set but never used.
  jwd2004i-i  "ffscosx1.f90", line 45: 'nvect_d' is set but never used.
  jwd2004i-i  "ffscosx1.f90", line 46: 'latgd' is set but never used.
  jwd2004i-i  "ffscosx1.f90", line 46: 'nypt' is set but never used.
  jwd2004i-i  "ffscosx1.f90", line 47: 'ncldb' is set but never used.
  jwd2004i-i  "ffscosx1.f90", line 48: 'nmtvr' is set but never used.
  jwd2004i-i  "ffscosx1.f90", line 48: 'lsoil' is set but never used.
  jwd2004i-i  "ffscosx1.f90", line 49: 'mtnres' is set but never used.
  jwd2004i-i  "ffscosx1.f90", line 50: 'levro' is set but never used.
  jwd2004i-i  "ffscosx1.f90", line 50: 'jgrd1o' is set but never used.
  jwd2004i-i  "ffscosx1.f90", line 50: 'igrd1o' is set but never used.
  jwd2004i-i  "ffscosx1.f90", line 50: 'levri' is set but never used.
  jwd2004i-i  "ffscosx1.f90", line 50: 'jgrd1i' is set but never used.
  jwd2004i-i  "ffscosx1.f90", line 50: 'igrd1i' is set but never used.
  jwd2004i-i  "ffscosx1.f90", line 51: 'ksph' is set but never used.
  jwd2004i-i  "ffscosx1.f90", line 51: 'ilor' is set but never used.
  jwd2004i-i  "ffscosx1.f90", line 51: 'klot' is set but never used.
  jwd2004i-i  "ffscosx1.f90", line 51: 'jlot' is set but never used.
  jwd2004i-i  "ffscosx1.f90", line 51: 'ilot' is set but never used.
  jwd2004i-i  "ffscosx1.f90", line 52: 'num_p2d' is set but never used.
  jwd2004i-i  "ffscosx1.f90", line 52: 'num_p3d' is set but never used.
  jwd2006i-i  "ffscosx1.f90", line 136: 'jgrdcut' is declared but never referenced.
  jwd2006i-i  "ffscosx1.f90", line 136: 'igrdcut' is declared but never referenced.
  jwd2004i-i  "ffscosx1.f90", line 136: 'rmlvark' is set but never used.
  jwd2004i-i  "ffscosx1.f90", line 136: 'rslvark' is set but never used.
  jwd2004i-i  "ffscosx1.f90", line 136: 'rltstp' is set but never used.
  jwd2004i-i  "ffscosx1.f90", line 136: 'rlpnt' is set but never used.
  jwd2004i-i  "ffscosx1.f90", line 136: 'bgf' is set but never used.
  jwd2004i-i  "ffscosx1.f90", line 136: 'bsmooth' is set but never used.
  jwd2004i-i  "ffscosx1.f90", line 136: 'border' is set but never used.
  jwd2004i-i  "ffscosx1.f90", line 136: 'rgen' is set but never used.
  jwd2004i-i  "ffscosx1.f90", line 136: 'levrm1' is set but never used.
  jwd2004i-i  "ffscosx1.f90", line 136: 'levrp1' is set but never used.
  jwd2004i-i  "ffscosx1.f90", line 136: 'clngrd' is set but never used.
  jwd2004i-i  "ffscosx1.f90", line 136: 'lnwav' is set but never used.
  jwd2004i-i  "ffscosx1.f90", line 136: 'lngrd' is set but never used.
  jwd2004i-i  "ffscosx1.f90", line 136: 'jumpry' is set but never used.
  jwd2004i-i  "ffscosx1.f90", line 141: 'np' is set but never used.
  jwd2004i-i  "ffscosx1.f90", line 141: 'nv' is set but never used.
  jwd2004i-i  "ffscosx1.f90", line 141: 'nu' is set but never used.
  jwd2004i-i  "ffscosx1.f90", line 141: 'nq' is set but never used.
  jwd2004i-i  "ffscosx1.f90", line 141: 'nt' is set but never used.
  jwd2004i-i  "ffscosx1.f90", line 142: 'order' is set but never used.
  jwd2004i-i  "ffscosx1.f90", line 213: 'ncpu' is set but never used.
  jwd2004i-i  "ffscosx1.f90", line 213: 'lotmin' is set but never used.
cpp -C -P -I. ffscosy1.F >ffscosy1.i
sed -e '/^\/\*/,/\*\/$/d' -e '/^ *$/d' ffscosy1.i >ffscosy1.f90 ; rm ffscosy1.i
frtpx -O3 -Kfast -CcdRR8 -c ffscosy1.f90
Fortran diagnostic messages: program name(ffscosy1)
  jwd2004i-i  "ffscosy1.f90", line 38: 'latr2' is set but never used.
  jwd2004i-i  "ffscosy1.f90", line 38: 'latg2' is set but never used.
  jwd2004i-i  "ffscosy1.f90", line 39: 'lnt22' is set but never used.
  jwd2004i-i  "ffscosy1.f90", line 39: 'lnt2' is set but never used.
  jwd2004i-i  "ffscosy1.f90", line 39: 'levp1' is set but never used.
  jwd2004i-i  "ffscosy1.f90", line 39: 'levm1' is set but never used.
  jwd2004i-i  "ffscosy1.f90", line 39: 'levh' is set but never used.
  jwd2004i-i  "ffscosy1.f90", line 40: 'lntod' is set but never used.
  jwd2004i-i  "ffscosy1.f90", line 40: 'lnted' is set but never used.
  jwd2004i-i  "ffscosy1.f90", line 41: 'lonrx' is set but never used.
  jwd2004i-i  "ffscosy1.f90", line 41: 'lonfx' is set but never used.
  jwd2004i-i  "ffscosy1.f90", line 42: 'lonb22' is set but never used.
  jwd2004i-i  "ffscosy1.f90", line 42: 'lonb2' is set but never used.
  jwd2004i-i  "ffscosy1.f90", line 42: 'latb2' is set but never used.
  jwd2004i-i  "ffscosy1.f90", line 42: 'jromb' is set but never used.
  jwd2004i-i  "ffscosy1.f90", line 43: 'lonr22' is set but never used.
  jwd2004i-i  "ffscosy1.f90", line 43: 'lonr2' is set but never used.
  jwd2004i-i  "ffscosy1.f90", line 43: 'lonf22' is set but never used.
  jwd2004i-i  "ffscosy1.f90", line 43: 'lonf2' is set but never used.
  jwd2004i-i  "ffscosy1.f90", line 44: 'lnut22' is set but never used.
  jwd2004i-i  "ffscosy1.f90", line 44: 'lnut2' is set but never used.
  jwd2004i-i  "ffscosy1.f90", line 44: 'lnu2' is set but never used.
  jwd2004i-i  "ffscosy1.f90", line 44: 'twoj1' is set but never used.
  jwd2004i-i  "ffscosy1.f90", line 45: 'nvect_d' is set but never used.
  jwd2004i-i  "ffscosy1.f90", line 46: 'latgd' is set but never used.
  jwd2004i-i  "ffscosy1.f90", line 46: 'nypt' is set but never used.
  jwd2004i-i  "ffscosy1.f90", line 47: 'ncldb' is set but never used.
  jwd2004i-i  "ffscosy1.f90", line 48: 'nmtvr' is set but never used.
  jwd2004i-i  "ffscosy1.f90", line 48: 'lsoil' is set but never used.
  jwd2004i-i  "ffscosy1.f90", line 49: 'mtnres' is set but never used.
  jwd2004i-i  "ffscosy1.f90", line 50: 'levro' is set but never used.
  jwd2004i-i  "ffscosy1.f90", line 50: 'jgrd1o' is set but never used.
  jwd2004i-i  "ffscosy1.f90", line 50: 'igrd1o' is set but never used.
  jwd2004i-i  "ffscosy1.f90", line 50: 'levri' is set but never used.
  jwd2004i-i  "ffscosy1.f90", line 50: 'jgrd1i' is set but never used.
  jwd2004i-i  "ffscosy1.f90", line 50: 'igrd1i' is set but never used.
  jwd2004i-i  "ffscosy1.f90", line 51: 'ksph' is set but never used.
  jwd2004i-i  "ffscosy1.f90", line 51: 'ilor' is set but never used.
  jwd2004i-i  "ffscosy1.f90", line 51: 'klot' is set but never used.
  jwd2004i-i  "ffscosy1.f90", line 51: 'jlot' is set but never used.
  jwd2004i-i  "ffscosy1.f90", line 51: 'ilot' is set but never used.
  jwd2004i-i  "ffscosy1.f90", line 52: 'num_p2d' is set but never used.
  jwd2004i-i  "ffscosy1.f90", line 52: 'num_p3d' is set but never used.
  jwd2006i-i  "ffscosy1.f90", line 136: 'jgrdcut' is declared but never referenced.
  jwd2006i-i  "ffscosy1.f90", line 136: 'igrdcut' is declared but never referenced.
  jwd2004i-i  "ffscosy1.f90", line 136: 'rmlvark' is set but never used.
  jwd2004i-i  "ffscosy1.f90", line 136: 'rslvark' is set but never used.
  jwd2004i-i  "ffscosy1.f90", line 136: 'rltstp' is set but never used.
  jwd2004i-i  "ffscosy1.f90", line 136: 'rlpnt' is set but never used.
  jwd2004i-i  "ffscosy1.f90", line 136: 'bgf' is set but never used.
  jwd2004i-i  "ffscosy1.f90", line 136: 'bsmooth' is set but never used.
  jwd2004i-i  "ffscosy1.f90", line 136: 'border' is set but never used.
  jwd2004i-i  "ffscosy1.f90", line 136: 'rgen' is set but never used.
  jwd2004i-i  "ffscosy1.f90", line 136: 'levrm1' is set but never used.
  jwd2004i-i  "ffscosy1.f90", line 136: 'levrp1' is set but never used.
  jwd2004i-i  "ffscosy1.f90", line 136: 'clngrd' is set but never used.
  jwd2004i-i  "ffscosy1.f90", line 136: 'lnwav' is set but never used.
  jwd2004i-i  "ffscosy1.f90", line 136: 'lngrd' is set but never used.
  jwd2004i-i  "ffscosy1.f90", line 136: 'jumpr' is set but never used.
  jwd2004i-i  "ffscosy1.f90", line 141: 'np' is set but never used.
  jwd2004i-i  "ffscosy1.f90", line 141: 'nv' is set but never used.
  jwd2004i-i  "ffscosy1.f90", line 141: 'nu' is set but never used.
  jwd2004i-i  "ffscosy1.f90", line 141: 'nq' is set but never used.
  jwd2004i-i  "ffscosy1.f90", line 141: 'nt' is set but never used.
  jwd2004i-i  "ffscosy1.f90", line 142: 'order' is set but never used.
  jwd2004i-i  "ffscosy1.f90", line 213: 'ncpu' is set but never used.
  jwd2004i-i  "ffscosy1.f90", line 213: 'lotmin' is set but never used.
cpp -C -P -I. ffacosx1.F >ffacosx1.i
sed -e '/^\/\*/,/\*\/$/d' -e '/^ *$/d' ffacosx1.i >ffacosx1.f90 ; rm ffacosx1.i
frtpx -O3 -Kfast -CcdRR8 -c ffacosx1.f90
Fortran diagnostic messages: program name(ffacosx1)
  jwd2004i-i  "ffacosx1.f90", line 38: 'latr2' is set but never used.
  jwd2004i-i  "ffacosx1.f90", line 38: 'latg2' is set but never used.
  jwd2004i-i  "ffacosx1.f90", line 39: 'lnt22' is set but never used.
  jwd2004i-i  "ffacosx1.f90", line 39: 'lnt2' is set but never used.
  jwd2004i-i  "ffacosx1.f90", line 39: 'levp1' is set but never used.
  jwd2004i-i  "ffacosx1.f90", line 39: 'levm1' is set but never used.
  jwd2004i-i  "ffacosx1.f90", line 39: 'levh' is set but never used.
  jwd2004i-i  "ffacosx1.f90", line 40: 'lntod' is set but never used.
  jwd2004i-i  "ffacosx1.f90", line 40: 'lnted' is set but never used.
  jwd2004i-i  "ffacosx1.f90", line 41: 'lonrx' is set but never used.
  jwd2004i-i  "ffacosx1.f90", line 41: 'lonfx' is set but never used.
  jwd2004i-i  "ffacosx1.f90", line 42: 'lonb22' is set but never used.
  jwd2004i-i  "ffacosx1.f90", line 42: 'lonb2' is set but never used.
  jwd2004i-i  "ffacosx1.f90", line 42: 'latb2' is set but never used.
  jwd2004i-i  "ffacosx1.f90", line 42: 'jromb' is set but never used.
  jwd2004i-i  "ffacosx1.f90", line 43: 'lonr22' is set but never used.
  jwd2004i-i  "ffacosx1.f90", line 43: 'lonr2' is set but never used.
  jwd2004i-i  "ffacosx1.f90", line 43: 'lonf22' is set but never used.
  jwd2004i-i  "ffacosx1.f90", line 43: 'lonf2' is set but never used.
  jwd2004i-i  "ffacosx1.f90", line 44: 'lnut22' is set but never used.
  jwd2004i-i  "ffacosx1.f90", line 44: 'lnut2' is set but never used.
  jwd2004i-i  "ffacosx1.f90", line 44: 'lnu2' is set but never used.
  jwd2004i-i  "ffacosx1.f90", line 44: 'twoj1' is set but never used.
  jwd2004i-i  "ffacosx1.f90", line 45: 'nvect_d' is set but never used.
  jwd2004i-i  "ffacosx1.f90", line 46: 'latgd' is set but never used.
  jwd2004i-i  "ffacosx1.f90", line 46: 'nypt' is set but never used.
  jwd2004i-i  "ffacosx1.f90", line 47: 'ncldb' is set but never used.
  jwd2004i-i  "ffacosx1.f90", line 48: 'nmtvr' is set but never used.
  jwd2004i-i  "ffacosx1.f90", line 48: 'lsoil' is set but never used.
  jwd2004i-i  "ffacosx1.f90", line 49: 'mtnres' is set but never used.
  jwd2004i-i  "ffacosx1.f90", line 50: 'levro' is set but never used.
  jwd2004i-i  "ffacosx1.f90", line 50: 'jgrd1o' is set but never used.
  jwd2004i-i  "ffacosx1.f90", line 50: 'igrd1o' is set but never used.
  jwd2004i-i  "ffacosx1.f90", line 50: 'levri' is set but never used.
  jwd2004i-i  "ffacosx1.f90", line 50: 'jgrd1i' is set but never used.
  jwd2004i-i  "ffacosx1.f90", line 50: 'igrd1i' is set but never used.
  jwd2004i-i  "ffacosx1.f90", line 51: 'ksph' is set but never used.
  jwd2004i-i  "ffacosx1.f90", line 51: 'ilor' is set but never used.
  jwd2004i-i  "ffacosx1.f90", line 51: 'klot' is set but never used.
  jwd2004i-i  "ffacosx1.f90", line 51: 'jlot' is set but never used.
  jwd2004i-i  "ffacosx1.f90", line 51: 'ilot' is set but never used.
  jwd2004i-i  "ffacosx1.f90", line 52: 'num_p2d' is set but never used.
  jwd2004i-i  "ffacosx1.f90", line 52: 'num_p3d' is set but never used.
  jwd2006i-i  "ffacosx1.f90", line 136: 'jgrdcut' is declared but never referenced.
  jwd2006i-i  "ffacosx1.f90", line 136: 'igrdcut' is declared but never referenced.
  jwd2004i-i  "ffacosx1.f90", line 136: 'rmlvark' is set but never used.
  jwd2004i-i  "ffacosx1.f90", line 136: 'rslvark' is set but never used.
  jwd2004i-i  "ffacosx1.f90", line 136: 'rltstp' is set but never used.
  jwd2004i-i  "ffacosx1.f90", line 136: 'rlpnt' is set but never used.
  jwd2004i-i  "ffacosx1.f90", line 136: 'bgf' is set but never used.
  jwd2004i-i  "ffacosx1.f90", line 136: 'bsmooth' is set but never used.
  jwd2004i-i  "ffacosx1.f90", line 136: 'border' is set but never used.
  jwd2004i-i  "ffacosx1.f90", line 136: 'rgen' is set but never used.
  jwd2004i-i  "ffacosx1.f90", line 136: 'levrm1' is set but never used.
  jwd2004i-i  "ffacosx1.f90", line 136: 'levrp1' is set but never used.
  jwd2004i-i  "ffacosx1.f90", line 136: 'clngrd' is set but never used.
  jwd2004i-i  "ffacosx1.f90", line 136: 'lnwav' is set but never used.
  jwd2004i-i  "ffacosx1.f90", line 136: 'lngrd' is set but never used.
  jwd2004i-i  "ffacosx1.f90", line 136: 'jumpry' is set but never used.
  jwd2004i-i  "ffacosx1.f90", line 141: 'np' is set but never used.
  jwd2004i-i  "ffacosx1.f90", line 141: 'nv' is set but never used.
  jwd2004i-i  "ffacosx1.f90", line 141: 'nu' is set but never used.
  jwd2004i-i  "ffacosx1.f90", line 141: 'nq' is set but never used.
  jwd2004i-i  "ffacosx1.f90", line 141: 'nt' is set but never used.
  jwd2004i-i  "ffacosx1.f90", line 142: 'order' is set but never used.
  jwd2004i-i  "ffacosx1.f90", line 213: 'ncpu' is set but never used.
  jwd2004i-i  "ffacosx1.f90", line 213: 'lotmin' is set but never used.
cpp -C -P -I. ffacosy1.F >ffacosy1.i
sed -e '/^\/\*/,/\*\/$/d' -e '/^ *$/d' ffacosy1.i >ffacosy1.f90 ; rm ffacosy1.i
frtpx -O3 -Kfast -CcdRR8 -c ffacosy1.f90
Fortran diagnostic messages: program name(ffacosy1)
  jwd2004i-i  "ffacosy1.f90", line 40: 'latr2' is set but never used.
  jwd2004i-i  "ffacosy1.f90", line 40: 'latg2' is set but never used.
  jwd2004i-i  "ffacosy1.f90", line 41: 'lnt22' is set but never used.
  jwd2004i-i  "ffacosy1.f90", line 41: 'lnt2' is set but never used.
  jwd2004i-i  "ffacosy1.f90", line 41: 'levp1' is set but never used.
  jwd2004i-i  "ffacosy1.f90", line 41: 'levm1' is set but never used.
  jwd2004i-i  "ffacosy1.f90", line 41: 'levh' is set but never used.
  jwd2004i-i  "ffacosy1.f90", line 42: 'lntod' is set but never used.
  jwd2004i-i  "ffacosy1.f90", line 42: 'lnted' is set but never used.
  jwd2004i-i  "ffacosy1.f90", line 43: 'lonrx' is set but never used.
  jwd2004i-i  "ffacosy1.f90", line 43: 'lonfx' is set but never used.
  jwd2004i-i  "ffacosy1.f90", line 44: 'lonb22' is set but never used.
  jwd2004i-i  "ffacosy1.f90", line 44: 'lonb2' is set but never used.
  jwd2004i-i  "ffacosy1.f90", line 44: 'latb2' is set but never used.
  jwd2004i-i  "ffacosy1.f90", line 44: 'jromb' is set but never used.
  jwd2004i-i  "ffacosy1.f90", line 45: 'lonr22' is set but never used.
  jwd2004i-i  "ffacosy1.f90", line 45: 'lonr2' is set but never used.
  jwd2004i-i  "ffacosy1.f90", line 45: 'lonf22' is set but never used.
  jwd2004i-i  "ffacosy1.f90", line 45: 'lonf2' is set but never used.
  jwd2004i-i  "ffacosy1.f90", line 46: 'lnut22' is set but never used.
  jwd2004i-i  "ffacosy1.f90", line 46: 'lnut2' is set but never used.
  jwd2004i-i  "ffacosy1.f90", line 46: 'lnu2' is set but never used.
  jwd2004i-i  "ffacosy1.f90", line 46: 'twoj1' is set but never used.
  jwd2004i-i  "ffacosy1.f90", line 47: 'nvect_d' is set but never used.
  jwd2004i-i  "ffacosy1.f90", line 48: 'latgd' is set but never used.
  jwd2004i-i  "ffacosy1.f90", line 48: 'nypt' is set but never used.
  jwd2004i-i  "ffacosy1.f90", line 49: 'ncldb' is set but never used.
  jwd2004i-i  "ffacosy1.f90", line 50: 'nmtvr' is set but never used.
  jwd2004i-i  "ffacosy1.f90", line 50: 'lsoil' is set but never used.
  jwd2004i-i  "ffacosy1.f90", line 51: 'mtnres' is set but never used.
  jwd2004i-i  "ffacosy1.f90", line 52: 'levro' is set but never used.
  jwd2004i-i  "ffacosy1.f90", line 52: 'jgrd1o' is set but never used.
  jwd2004i-i  "ffacosy1.f90", line 52: 'igrd1o' is set but never used.
  jwd2004i-i  "ffacosy1.f90", line 52: 'levri' is set but never used.
  jwd2004i-i  "ffacosy1.f90", line 52: 'jgrd1i' is set but never used.
  jwd2004i-i  "ffacosy1.f90", line 52: 'igrd1i' is set but never used.
  jwd2004i-i  "ffacosy1.f90", line 53: 'ksph' is set but never used.
  jwd2004i-i  "ffacosy1.f90", line 53: 'ilor' is set but never used.
  jwd2004i-i  "ffacosy1.f90", line 53: 'klot' is set but never used.
  jwd2004i-i  "ffacosy1.f90", line 53: 'jlot' is set but never used.
  jwd2004i-i  "ffacosy1.f90", line 53: 'ilot' is set but never used.
  jwd2004i-i  "ffacosy1.f90", line 54: 'num_p2d' is set but never used.
  jwd2004i-i  "ffacosy1.f90", line 54: 'num_p3d' is set but never used.
  jwd2006i-i  "ffacosy1.f90", line 138: 'jgrdcut' is declared but never referenced.
  jwd2006i-i  "ffacosy1.f90", line 138: 'igrdcut' is declared but never referenced.
  jwd2004i-i  "ffacosy1.f90", line 138: 'rmlvark' is set but never used.
  jwd2004i-i  "ffacosy1.f90", line 138: 'rslvark' is set but never used.
  jwd2004i-i  "ffacosy1.f90", line 138: 'rltstp' is set but never used.
  jwd2004i-i  "ffacosy1.f90", line 138: 'rlpnt' is set but never used.
  jwd2004i-i  "ffacosy1.f90", line 138: 'bgf' is set but never used.
  jwd2004i-i  "ffacosy1.f90", line 138: 'bsmooth' is set but never used.
  jwd2004i-i  "ffacosy1.f90", line 138: 'border' is set but never used.
  jwd2004i-i  "ffacosy1.f90", line 138: 'rgen' is set but never used.
  jwd2004i-i  "ffacosy1.f90", line 138: 'levrm1' is set but never used.
  jwd2004i-i  "ffacosy1.f90", line 138: 'levrp1' is set but never used.
  jwd2004i-i  "ffacosy1.f90", line 138: 'clngrd' is set but never used.
  jwd2004i-i  "ffacosy1.f90", line 138: 'lnwav' is set but never used.
  jwd2004i-i  "ffacosy1.f90", line 138: 'lngrd' is set but never used.
  jwd2004i-i  "ffacosy1.f90", line 138: 'jumpr' is set but never used.
  jwd2004i-i  "ffacosy1.f90", line 143: 'np' is set but never used.
  jwd2004i-i  "ffacosy1.f90", line 143: 'nv' is set but never used.
  jwd2004i-i  "ffacosy1.f90", line 143: 'nu' is set but never used.
  jwd2004i-i  "ffacosy1.f90", line 143: 'nq' is set but never used.
  jwd2004i-i  "ffacosy1.f90", line 143: 'nt' is set but never used.
  jwd2004i-i  "ffacosy1.f90", line 144: 'order' is set but never used.
  jwd2004i-i  "ffacosy1.f90", line 215: 'ncpu' is set but never used.
  jwd2004i-i  "ffacosy1.f90", line 215: 'lotmin' is set but never used.
cpp -C -P -I. rmakepc.F >rmakepc.i
rmakepc.F:170:50: warning: missing terminating ' character
                    j1p1=j1+1                ! SCC's temp. fix 05/27/05
                                                  ^
rmakepc.F:171:50: warning: missing terminating ' character
                    j1p1=min(j1p1,jmn)       ! SCC's temp. fix 05/27/05
                                                  ^
sed -e '/^\/\*/,/\*\/$/d' -e '/^ *$/d' rmakepc.i >rmakepc.f90 ; rm rmakepc.i
frtpx -O3 -Kfast -CcdRR8 -c rmakepc.f90
Fortran diagnostic messages: program name(rmakepc)
  jwd2008i-i  "rmakepc.f90", line 1: Dummy argument 'jm' not used in this subprogram.
  jwd2008i-i  "rmakepc.f90", line 1: Dummy argument 'im' not used in this subprogram.
  jwd2004i-i  "rmakepc.f90", line 8: 'latr2' is set but never used.
  jwd2004i-i  "rmakepc.f90", line 8: 'latg2' is set but never used.
  jwd2004i-i  "rmakepc.f90", line 9: 'lnt22' is set but never used.
  jwd2004i-i  "rmakepc.f90", line 9: 'lnt2' is set but never used.
  jwd2004i-i  "rmakepc.f90", line 9: 'levp1' is set but never used.
  jwd2004i-i  "rmakepc.f90", line 9: 'levm1' is set but never used.
  jwd2004i-i  "rmakepc.f90", line 9: 'levh' is set but never used.
  jwd2004i-i  "rmakepc.f90", line 10: 'lntod' is set but never used.
  jwd2004i-i  "rmakepc.f90", line 10: 'lnted' is set but never used.
  jwd2004i-i  "rmakepc.f90", line 11: 'lonrx' is set but never used.
  jwd2004i-i  "rmakepc.f90", line 11: 'lonfx' is set but never used.
  jwd2004i-i  "rmakepc.f90", line 12: 'lonb22' is set but never used.
  jwd2004i-i  "rmakepc.f90", line 12: 'lonb2' is set but never used.
  jwd2004i-i  "rmakepc.f90", line 12: 'latb2' is set but never used.
  jwd2004i-i  "rmakepc.f90", line 12: 'jromb' is set but never used.
  jwd2004i-i  "rmakepc.f90", line 13: 'lonr22' is set but never used.
  jwd2004i-i  "rmakepc.f90", line 13: 'lonr2' is set but never used.
  jwd2004i-i  "rmakepc.f90", line 13: 'lonf22' is set but never used.
  jwd2004i-i  "rmakepc.f90", line 13: 'lonf2' is set but never used.
  jwd2004i-i  "rmakepc.f90", line 14: 'lnut22' is set but never used.
  jwd2004i-i  "rmakepc.f90", line 14: 'lnut2' is set but never used.
  jwd2004i-i  "rmakepc.f90", line 14: 'lnu2' is set but never used.
  jwd2004i-i  "rmakepc.f90", line 14: 'twoj1' is set but never used.
  jwd2004i-i  "rmakepc.f90", line 15: 'nvect_d' is set but never used.
  jwd2004i-i  "rmakepc.f90", line 16: 'latgd' is set but never used.
  jwd2004i-i  "rmakepc.f90", line 16: 'nypt' is set but never used.
  jwd2004i-i  "rmakepc.f90", line 17: 'ncldb' is set but never used.
  jwd2004i-i  "rmakepc.f90", line 18: 'nmtvr' is set but never used.
  jwd2004i-i  "rmakepc.f90", line 18: 'lsoil' is set but never used.
  jwd2004i-i  "rmakepc.f90", line 19: 'mtnres' is set but never used.
  jwd2004i-i  "rmakepc.f90", line 20: 'levro' is set but never used.
  jwd2004i-i  "rmakepc.f90", line 20: 'jgrd1o' is set but never used.
  jwd2004i-i  "rmakepc.f90", line 20: 'igrd1o' is set but never used.
  jwd2004i-i  "rmakepc.f90", line 20: 'levri' is set but never used.
  jwd2004i-i  "rmakepc.f90", line 20: 'jgrd1i' is set but never used.
  jwd2004i-i  "rmakepc.f90", line 20: 'igrd1i' is set but never used.
  jwd2004i-i  "rmakepc.f90", line 21: 'ksph' is set but never used.
  jwd2004i-i  "rmakepc.f90", line 21: 'ilor' is set but never used.
  jwd2004i-i  "rmakepc.f90", line 21: 'klot' is set but never used.
  jwd2004i-i  "rmakepc.f90", line 21: 'jlot' is set but never used.
  jwd2004i-i  "rmakepc.f90", line 21: 'ilot' is set but never used.
  jwd2004i-i  "rmakepc.f90", line 22: 'num_p2d' is set but never used.
  jwd2004i-i  "rmakepc.f90", line 22: 'num_p3d' is set but never used.
  jwd2006i-i  "rmakepc.f90", line 106: 'jgrdcut' is declared but never referenced.
  jwd2006i-i  "rmakepc.f90", line 106: 'igrdcut' is declared but never referenced.
  jwd2004i-i  "rmakepc.f90", line 106: 'rmlvark' is set but never used.
  jwd2004i-i  "rmakepc.f90", line 106: 'rslvark' is set but never used.
  jwd2004i-i  "rmakepc.f90", line 106: 'rltstp' is set but never used.
  jwd2004i-i  "rmakepc.f90", line 106: 'rlpnt' is set but never used.
  jwd2004i-i  "rmakepc.f90", line 106: 'bgf' is set but never used.
  jwd2004i-i  "rmakepc.f90", line 106: 'bsmooth' is set but never used.
  jwd2004i-i  "rmakepc.f90", line 106: 'border' is set but never used.
  jwd2004i-i  "rmakepc.f90", line 106: 'rgen' is set but never used.
  jwd2004i-i  "rmakepc.f90", line 106: 'levrm1' is set but never used.
  jwd2004i-i  "rmakepc.f90", line 106: 'levrp1' is set but never used.
  jwd2004i-i  "rmakepc.f90", line 106: 'clngrd' is set but never used.
  jwd2004i-i  "rmakepc.f90", line 106: 'lnwav' is set but never used.
  jwd2004i-i  "rmakepc.f90", line 106: 'lngrd' is set but never used.
  jwd2004i-i  "rmakepc.f90", line 106: 'jumpry' is set but never used.
  jwd2004i-i  "rmakepc.f90", line 106: 'jumpr' is set but never used.
  jwd2004i-i  "rmakepc.f90", line 111: 'np' is set but never used.
  jwd2004i-i  "rmakepc.f90", line 111: 'nv' is set but never used.
  jwd2004i-i  "rmakepc.f90", line 111: 'nu' is set but never used.
  jwd2004i-i  "rmakepc.f90", line 111: 'nq' is set but never used.
  jwd2004i-i  "rmakepc.f90", line 111: 'nt' is set but never used.
  jwd2004i-i  "rmakepc.f90", line 112: 'order' is set but never used.
  jwd2008i-i  "rmakepc.f90", line 184: Dummy argument 'sigma' not used in this subprogram.
  jwd2008i-i  "rmakepc.f90", line 184: Dummy argument 'gamma' not used in this subprogram.
  jwd2008i-i  "rmakepc.f90", line 184: Dummy argument 'theta' not used in this subprogram.
cpp -C -P -I. write_to_grads.F >write_to_grads.i
sed -e '/^\/\*/,/\*\/$/d' -e '/^ *$/d' write_to_grads.i >write_to_grads.f90 ; rm write_to_grads.i
frtpx -O3 -Kfast -CcdRR8 -c write_to_grads.f90
Fortran diagnostic messages: program name(write_to_grads)
  jwd8220o-i  "write_to_grads.f90", line 1: Optimizations is performed in this program unit with possibility of side effects. See informational messages below to determine which such optimizations have been performed.
  jwd8209o-i  "write_to_grads.f90", line 13: Evaluation order of polynomial expression is changed according to commutative law of addition and multiplication.
cpp -C -P -I. rftini.F >rftini.i
sed -e '/^\/\*/,/\*\/$/d' -e '/^ *$/d' rftini.i >rftini.f90 ; rm rftini.i
frtpx -O3 -Kfast -CcdRR8 -c rftini.f90
Fortran diagnostic messages: program name(rftini)
  jwd2004i-i  "rftini.f90", line 37: 'latr2' is set but never used.
  jwd2004i-i  "rftini.f90", line 37: 'latg2' is set but never used.
  jwd2004i-i  "rftini.f90", line 38: 'lnt22' is set but never used.
  jwd2004i-i  "rftini.f90", line 38: 'lnt2' is set but never used.
  jwd2004i-i  "rftini.f90", line 38: 'levp1' is set but never used.
  jwd2004i-i  "rftini.f90", line 38: 'levm1' is set but never used.
  jwd2004i-i  "rftini.f90", line 38: 'levh' is set but never used.
  jwd2004i-i  "rftini.f90", line 39: 'lntod' is set but never used.
  jwd2004i-i  "rftini.f90", line 39: 'lnted' is set but never used.
  jwd2004i-i  "rftini.f90", line 40: 'lonrx' is set but never used.
  jwd2004i-i  "rftini.f90", line 40: 'lonfx' is set but never used.
  jwd2004i-i  "rftini.f90", line 41: 'lonb22' is set but never used.
  jwd2004i-i  "rftini.f90", line 41: 'lonb2' is set but never used.
  jwd2004i-i  "rftini.f90", line 41: 'latb2' is set but never used.
  jwd2004i-i  "rftini.f90", line 41: 'jromb' is set but never used.
  jwd2004i-i  "rftini.f90", line 42: 'lonr22' is set but never used.
  jwd2004i-i  "rftini.f90", line 42: 'lonr2' is set but never used.
  jwd2004i-i  "rftini.f90", line 42: 'lonf22' is set but never used.
  jwd2004i-i  "rftini.f90", line 42: 'lonf2' is set but never used.
  jwd2004i-i  "rftini.f90", line 43: 'lnut22' is set but never used.
  jwd2004i-i  "rftini.f90", line 43: 'lnut2' is set but never used.
  jwd2004i-i  "rftini.f90", line 43: 'lnu2' is set but never used.
  jwd2004i-i  "rftini.f90", line 43: 'twoj1' is set but never used.
  jwd2004i-i  "rftini.f90", line 44: 'nvect_d' is set but never used.
  jwd2004i-i  "rftini.f90", line 45: 'latgd' is set but never used.
  jwd2004i-i  "rftini.f90", line 45: 'nypt' is set but never used.
  jwd2004i-i  "rftini.f90", line 46: 'ncldb' is set but never used.
  jwd2004i-i  "rftini.f90", line 47: 'nmtvr' is set but never used.
  jwd2004i-i  "rftini.f90", line 47: 'lsoil' is set but never used.
  jwd2004i-i  "rftini.f90", line 48: 'mtnres' is set but never used.
  jwd2004i-i  "rftini.f90", line 49: 'levro' is set but never used.
  jwd2004i-i  "rftini.f90", line 49: 'jgrd1o' is set but never used.
  jwd2004i-i  "rftini.f90", line 49: 'igrd1o' is set but never used.
  jwd2004i-i  "rftini.f90", line 49: 'levri' is set but never used.
  jwd2004i-i  "rftini.f90", line 49: 'jgrd1i' is set but never used.
  jwd2004i-i  "rftini.f90", line 49: 'igrd1i' is set but never used.
  jwd2004i-i  "rftini.f90", line 50: 'ksph' is set but never used.
  jwd2004i-i  "rftini.f90", line 50: 'ilor' is set but never used.
  jwd2004i-i  "rftini.f90", line 50: 'klot' is set but never used.
  jwd2004i-i  "rftini.f90", line 50: 'jlot' is set but never used.
  jwd2004i-i  "rftini.f90", line 50: 'ilot' is set but never used.
  jwd2004i-i  "rftini.f90", line 51: 'num_p2d' is set but never used.
  jwd2004i-i  "rftini.f90", line 51: 'num_p3d' is set but never used.
  jwd2006i-i  "rftini.f90", line 135: 'jgrdcut' is declared but never referenced.
  jwd2006i-i  "rftini.f90", line 135: 'igrdcut' is declared but never referenced.
  jwd2004i-i  "rftini.f90", line 135: 'rmlvark' is set but never used.
  jwd2004i-i  "rftini.f90", line 135: 'rslvark' is set but never used.
  jwd2004i-i  "rftini.f90", line 135: 'rltstp' is set but never used.
  jwd2004i-i  "rftini.f90", line 135: 'rlpnt' is set but never used.
  jwd2004i-i  "rftini.f90", line 135: 'bgf' is set but never used.
  jwd2004i-i  "rftini.f90", line 135: 'bsmooth' is set but never used.
  jwd2004i-i  "rftini.f90", line 135: 'border' is set but never used.
  jwd2004i-i  "rftini.f90", line 135: 'rgen' is set but never used.
  jwd2004i-i  "rftini.f90", line 135: 'levrm1' is set but never used.
  jwd2004i-i  "rftini.f90", line 135: 'levrp1' is set but never used.
  jwd2004i-i  "rftini.f90", line 135: 'clngrd' is set but never used.
  jwd2004i-i  "rftini.f90", line 135: 'lnwav' is set but never used.
  jwd2004i-i  "rftini.f90", line 135: 'lngrd' is set but never used.
  jwd2004i-i  "rftini.f90", line 135: 'jumpry' is set but never used.
  jwd2004i-i  "rftini.f90", line 135: 'jumpr' is set but never used.
  jwd2004i-i  "rftini.f90", line 140: 'np' is set but never used.
  jwd2004i-i  "rftini.f90", line 140: 'nv' is set but never used.
  jwd2004i-i  "rftini.f90", line 140: 'nu' is set but never used.
  jwd2004i-i  "rftini.f90", line 140: 'nq' is set but never used.
  jwd2004i-i  "rftini.f90", line 140: 'nt' is set but never used.
  jwd2004i-i  "rftini.f90", line 141: 'order' is set but never used.
cpp -C -P -I. setlatlon.F >setlatlon.i
sed -e '/^\/\*/,/\*\/$/d' -e '/^ *$/d' setlatlon.i >setlatlon.f90 ; rm setlatlon.i
frtpx -O3 -Kfast -CcdRR8 -c setlatlon.f90
Fortran diagnostic messages: program name(setlatlon)
  jwd8220o-i  "setlatlon.f90", line 1: Optimizations is performed in this program unit with possibility of side effects. See informational messages below to determine which such optimizations have been performed.
  jwd2004i-i  "setlatlon.f90", line 40: 'latr2' is set but never used.
  jwd2004i-i  "setlatlon.f90", line 40: 'latg2' is set but never used.
  jwd2004i-i  "setlatlon.f90", line 41: 'lnt22' is set but never used.
  jwd2004i-i  "setlatlon.f90", line 41: 'lnt2' is set but never used.
  jwd2004i-i  "setlatlon.f90", line 41: 'levp1' is set but never used.
  jwd2004i-i  "setlatlon.f90", line 41: 'levm1' is set but never used.
  jwd2004i-i  "setlatlon.f90", line 41: 'levh' is set but never used.
  jwd2004i-i  "setlatlon.f90", line 42: 'lntod' is set but never used.
  jwd2004i-i  "setlatlon.f90", line 42: 'lnted' is set but never used.
  jwd2004i-i  "setlatlon.f90", line 43: 'lonrx' is set but never used.
  jwd2004i-i  "setlatlon.f90", line 43: 'lonfx' is set but never used.
  jwd2004i-i  "setlatlon.f90", line 44: 'lonb22' is set but never used.
  jwd2004i-i  "setlatlon.f90", line 44: 'lonb2' is set but never used.
  jwd2004i-i  "setlatlon.f90", line 44: 'latb2' is set but never used.
  jwd2004i-i  "setlatlon.f90", line 44: 'jromb' is set but never used.
  jwd2004i-i  "setlatlon.f90", line 45: 'lonr22' is set but never used.
  jwd2004i-i  "setlatlon.f90", line 45: 'lonr2' is set but never used.
  jwd2004i-i  "setlatlon.f90", line 45: 'lonf22' is set but never used.
  jwd2004i-i  "setlatlon.f90", line 45: 'lonf2' is set but never used.
  jwd2004i-i  "setlatlon.f90", line 46: 'lnut22' is set but never used.
  jwd2004i-i  "setlatlon.f90", line 46: 'lnut2' is set but never used.
  jwd2004i-i  "setlatlon.f90", line 46: 'lnu2' is set but never used.
  jwd2004i-i  "setlatlon.f90", line 46: 'twoj1' is set but never used.
  jwd2004i-i  "setlatlon.f90", line 47: 'nvect_d' is set but never used.
  jwd2004i-i  "setlatlon.f90", line 48: 'latgd' is set but never used.
  jwd2004i-i  "setlatlon.f90", line 48: 'nypt' is set but never used.
  jwd2004i-i  "setlatlon.f90", line 49: 'ncldb' is set but never used.
  jwd2004i-i  "setlatlon.f90", line 50: 'nmtvr' is set but never used.
  jwd2004i-i  "setlatlon.f90", line 50: 'lsoil' is set but never used.
  jwd2004i-i  "setlatlon.f90", line 51: 'mtnres' is set but never used.
  jwd2004i-i  "setlatlon.f90", line 52: 'levro' is set but never used.
  jwd2004i-i  "setlatlon.f90", line 52: 'jgrd1o' is set but never used.
  jwd2004i-i  "setlatlon.f90", line 52: 'igrd1o' is set but never used.
  jwd2004i-i  "setlatlon.f90", line 52: 'levri' is set but never used.
  jwd2004i-i  "setlatlon.f90", line 52: 'jgrd1i' is set but never used.
  jwd2004i-i  "setlatlon.f90", line 52: 'igrd1i' is set but never used.
  jwd2004i-i  "setlatlon.f90", line 53: 'ksph' is set but never used.
  jwd2004i-i  "setlatlon.f90", line 53: 'ilor' is set but never used.
  jwd2004i-i  "setlatlon.f90", line 53: 'klot' is set but never used.
  jwd2004i-i  "setlatlon.f90", line 53: 'jlot' is set but never used.
  jwd2004i-i  "setlatlon.f90", line 53: 'ilot' is set but never used.
  jwd2004i-i  "setlatlon.f90", line 54: 'num_p2d' is set but never used.
  jwd2004i-i  "setlatlon.f90", line 54: 'num_p3d' is set but never used.
  jwd2006i-i  "setlatlon.f90", line 138: 'jgrdcut' is declared but never referenced.
  jwd2006i-i  "setlatlon.f90", line 138: 'igrdcut' is declared but never referenced.
  jwd2004i-i  "setlatlon.f90", line 138: 'rmlvark' is set but never used.
  jwd2004i-i  "setlatlon.f90", line 138: 'rslvark' is set but never used.
  jwd2004i-i  "setlatlon.f90", line 138: 'rltstp' is set but never used.
  jwd2004i-i  "setlatlon.f90", line 138: 'rlpnt' is set but never used.
  jwd2004i-i  "setlatlon.f90", line 138: 'bgf' is set but never used.
  jwd2004i-i  "setlatlon.f90", line 138: 'bsmooth' is set but never used.
  jwd2004i-i  "setlatlon.f90", line 138: 'border' is set but never used.
  jwd2004i-i  "setlatlon.f90", line 138: 'rgen' is set but never used.
  jwd2004i-i  "setlatlon.f90", line 138: 'levrm1' is set but never used.
  jwd2004i-i  "setlatlon.f90", line 138: 'levrp1' is set but never used.
  jwd2004i-i  "setlatlon.f90", line 138: 'clngrd' is set but never used.
  jwd2004i-i  "setlatlon.f90", line 138: 'lnwav' is set but never used.
  jwd2004i-i  "setlatlon.f90", line 138: 'jumpry' is set but never used.
  jwd2004i-i  "setlatlon.f90", line 138: 'jumpr' is set but never used.
  jwd2004i-i  "setlatlon.f90", line 143: 'np' is set but never used.
  jwd2004i-i  "setlatlon.f90", line 143: 'nv' is set but never used.
  jwd2004i-i  "setlatlon.f90", line 143: 'nu' is set but never used.
  jwd2004i-i  "setlatlon.f90", line 143: 'nq' is set but never used.
  jwd2004i-i  "setlatlon.f90", line 143: 'nt' is set but never used.
  jwd2004i-i  "setlatlon.f90", line 144: 'order' is set but never used.
  jwd8206o-i  "setlatlon.f90", line 230: Division is changed to multiplication by reciprocal.
  jwd8209o-i  "setlatlon.f90", line 258: Evaluation order of polynomial expression is changed according to commutative law of addition and multiplication.
  jwd8209o-i  "setlatlon.f90", line 259: Evaluation order of polynomial expression is changed according to commutative law of addition and multiplication.
  jwd8206o-i  "setlatlon.f90", line 283: Division is changed to multiplication by reciprocal.
  jwd8209o-i  "setlatlon.f90", line 301: Evaluation order of polynomial expression is changed according to commutative law of addition and multiplication.
  jwd8209o-i  "setlatlon.f90", line 302: Evaluation order of polynomial expression is changed according to commutative law of addition and multiplication.
  jwd8209o-i  "setlatlon.f90", line 309: Evaluation order of polynomial expression is changed according to commutative law of addition and multiplication.
  jwd8206o-i  "setlatlon.f90", line 311: Division is changed to multiplication by reciprocal.
  jwd8206o-i  "setlatlon.f90", line 313: Division is changed to multiplication by reciprocal.
  jwd8209o-i  "setlatlon.f90", line 327: Evaluation order of polynomial expression is changed according to commutative law of addition and multiplication.
  jwd8206o-i  "setlatlon.f90", line 328: Division is changed to multiplication by reciprocal.
  jwd8209o-i  "setlatlon.f90", line 328: Evaluation order of polynomial expression is changed according to commutative law of addition and multiplication.
  jwd8206o-i  "setlatlon.f90", line 331: Division is changed to multiplication by reciprocal.
  jwd8209o-i  "setlatlon.f90", line 331: Evaluation order of polynomial expression is changed according to commutative law of addition and multiplication.
cpp -C -P -I. ful2sgl.F >ful2sgl.i
sed -e '/^\/\*/,/\*\/$/d' -e '/^ *$/d' ful2sgl.i >ful2sgl.f90 ; rm ful2sgl.i
frtpx -O3 -Kfast -CcdRR8 -c ful2sgl.f90
cpp -C -P -I. fax.F >fax.i
sed -e '/^\/\*/,/\*\/$/d' -e '/^ *$/d' fax.i >fax.f90 ; rm fax.i
frtpx -O3 -Kfast -CcdRR8 -c fax.f90
cpp -C -P -I. fftrig.F >fftrig.i
sed -e '/^\/\*/,/\*\/$/d' -e '/^ *$/d' fftrig.i >fftrig.f90 ; rm fftrig.i
frtpx -O3 -Kfast -CcdRR8 -c fftrig.f90
Fortran diagnostic messages: program name(fftrig)
  jwd8220o-i  "fftrig.f90", line 1: Optimizations is performed in this program unit with possibility of side effects. See informational messages below to determine which such optimizations have been performed.
  jwd8209o-i  "fftrig.f90", line 11: Evaluation order of polynomial expression is changed according to commutative law of addition and multiplication.
  jwd8209o-i  "fftrig.f90", line 22: Evaluation order of polynomial expression is changed according to commutative law of addition and multiplication.
cpp -C -P -I. vpassm.F >vpassm.i
sed -e '/^\/\*/,/\*\/$/d' -e '/^ *$/d' vpassm.i >vpassm.f90 ; rm vpassm.i
frtpx -O3 -Kfast -CcdRR8 -c vpassm.f90
Fortran diagnostic messages: program name(vpassm)
  jwd8220o-i  "vpassm.f90", line 1: Optimizations is performed in this program unit with possibility of side effects. See informational messages below to determine which such optimizations have been performed.
  jwd8209o-i  "vpassm.f90", line 159: Evaluation order of polynomial expression is changed according to commutative law of addition and multiplication.
  jwd8209o-i  "vpassm.f90", line 160: Evaluation order of polynomial expression is changed according to commutative law of addition and multiplication.
  jwd8209o-i  "vpassm.f90", line 161: Evaluation order of polynomial expression is changed according to commutative law of addition and multiplication.
  jwd8209o-i  "vpassm.f90", line 162: Evaluation order of polynomial expression is changed according to commutative law of addition and multiplication.
  jwd8209o-i  "vpassm.f90", line 195: Evaluation order of polynomial expression is changed according to commutative law of addition and multiplication.
  jwd8209o-i  "vpassm.f90", line 198: Evaluation order of polynomial expression is changed according to commutative law of addition and multiplication.
  jwd8209o-i  "vpassm.f90", line 201: Evaluation order of polynomial expression is changed according to commutative law of addition and multiplication.
  jwd8209o-i  "vpassm.f90", line 204: Evaluation order of polynomial expression is changed according to commutative law of addition and multiplication.
  jwd8209o-i  "vpassm.f90", line 236: Evaluation order of polynomial expression is changed according to commutative law of addition and multiplication.
  jwd8209o-i  "vpassm.f90", line 238: Evaluation order of polynomial expression is changed according to commutative law of addition and multiplication.
  jwd8209o-i  "vpassm.f90", line 240: Evaluation order of polynomial expression is changed according to commutative law of addition and multiplication.
  jwd8209o-i  "vpassm.f90", line 242: Evaluation order of polynomial expression is changed according to commutative law of addition and multiplication.
  jwd8209o-i  "vpassm.f90", line 244: Evaluation order of polynomial expression is changed according to commutative law of addition and multiplication.
  jwd8209o-i  "vpassm.f90", line 246: Evaluation order of polynomial expression is changed according to commutative law of addition and multiplication.
  jwd8209o-i  "vpassm.f90", line 248: Evaluation order of polynomial expression is changed according to commutative law of addition and multiplication.
  jwd8209o-i  "vpassm.f90", line 250: Evaluation order of polynomial expression is changed according to commutative law of addition and multiplication.
  jwd8209o-i  "vpassm.f90", line 281: Evaluation order of polynomial expression is changed according to commutative law of addition and multiplication.
  jwd8209o-i  "vpassm.f90", line 286: Evaluation order of polynomial expression is changed according to commutative law of addition and multiplication.
  jwd8209o-i  "vpassm.f90", line 291: Evaluation order of polynomial expression is changed according to commutative law of addition and multiplication.
  jwd8209o-i  "vpassm.f90", line 296: Evaluation order of polynomial expression is changed according to commutative law of addition and multiplication.
  jwd8209o-i  "vpassm.f90", line 301: Evaluation order of polynomial expression is changed according to commutative law of addition and multiplication.
  jwd8209o-i  "vpassm.f90", line 306: Evaluation order of polynomial expression is changed according to commutative law of addition and multiplication.
  jwd8209o-i  "vpassm.f90", line 311: Evaluation order of polynomial expression is changed according to commutative law of addition and multiplication.
  jwd8209o-i  "vpassm.f90", line 316: Evaluation order of polynomial expression is changed according to commutative law of addition and multiplication.
cpp -C -P -I. fft99m.F >fft99m.i
sed -e '/^\/\*/,/\*\/$/d' -e '/^ *$/d' fft99m.i >fft99m.f90 ; rm fft99m.i
frtpx -O3 -Kfast -CcdRR8 -c fft99m.f90
cpp -C -P -I. fft99a.F >fft99a.i
sed -e '/^\/\*/,/\*\/$/d' -e '/^ *$/d' fft99a.i >fft99a.f90 ; rm fft99a.i
frtpx -O3 -Kfast -CcdRR8 -c fft99a.f90
Fortran diagnostic messages: program name(fft99a)
  jwd8220o-i  "fft99a.f90", line 1: Optimizations is performed in this program unit with possibility of side effects. See informational messages below to determine which such optimizations have been performed.
  jwd8209o-i  "fft99a.f90", line 44: Evaluation order of polynomial expression is changed according to commutative law of addition and multiplication.
  jwd8209o-i  "fft99a.f90", line 46: Evaluation order of polynomial expression is changed according to commutative law of addition and multiplication.
  jwd8209o-i  "fft99a.f90", line 66: Evaluation order of polynomial expression is changed according to commutative law of addition and multiplication.
cpp -C -P -I. fft99b.F >fft99b.i
sed -e '/^\/\*/,/\*\/$/d' -e '/^ *$/d' fft99b.i >fft99b.f90 ; rm fft99b.i
frtpx -O3 -Kfast -CcdRR8 -c fft99b.f90
Fortran diagnostic messages: program name(fft99b)
  jwd8220o-i  "fft99b.f90", line 1: Optimizations is performed in this program unit with possibility of side effects. See informational messages below to determine which such optimizations have been performed.
  jwd8209o-i  "fft99b.f90", line 47: Evaluation order of polynomial expression is changed according to commutative law of addition and multiplication.
  jwd8209o-i  "fft99b.f90", line 49: Evaluation order of polynomial expression is changed according to commutative law of addition and multiplication.
frtpx -O3 -Kfast -CcdRR8 -o rmtn.x machine.o physcons.o mainrmtn.o defg2r.o glats.o g2rini.o poly.o lnczs.o rmakeoal.o rmakeoao.o rmakemt.o rtersub.o maxmin.o shalfo.o ffscosx1.o ffscosy1.o ffacosx1.o ffacosy1.o rmakepc.o write_to_grads.o rftini.o setlatlon.o ful2sgl.o fax.o fftrig.o vpassm.o fft99m.o fft99a.o fft99b.o 
+ cp rmtn.x /nwpr/gfs/xb169/GEPSv3/rsm/run/exe/rmtn_base.x
+ echo ' finish rmtn'
 finish rmtn
+ '[' yes = yes ']'
+ echo 'Compiling rsm terrain (mtnlm7_slm30g)'
Compiling rsm terrain (mtnlm7_slm30g)
+ cd /nwpr/gfs/xb169/GEPSv3/rsm/wrk/dir_cmp
+ rm -frv cmp_rsm_terrain
+ mkdir -pv cmp_rsm_terrain
mkdir: created directory 'cmp_rsm_terrain'
+ cd cmp_rsm_terrain
+ cp -arv /nwpr/gfs/xb169/GEPSv3/rsm/src/rsm_terrain.fd/Makefile_slm30g_rsm /nwpr/gfs/xb169/GEPSv3/rsm/src/rsm_terrain.fd/Readme.md /nwpr/gfs/xb169/GEPSv3/rsm/src/rsm_terrain.fd/cwb_fftw.c /nwpr/gfs/xb169/GEPSv3/rsm/src/rsm_terrain.fd/fftx.f /nwpr/gfs/xb169/GEPSv3/rsm/src/rsm_terrain.fd/gfstopo_30slzl.rsm.f /nwpr/gfs/xb169/GEPSv3/rsm/src/rsm_terrain.fd/mtnlm7_slm30g.exe /nwpr/gfs/xb169/GEPSv3/rsm/src/rsm_terrain.fd/mtnlm7_slm30g.rsm.f .
'/nwpr/gfs/xb169/GEPSv3/rsm/src/rsm_terrain.fd/Makefile_slm30g_rsm' -> './Makefile_slm30g_rsm'
'/nwpr/gfs/xb169/GEPSv3/rsm/src/rsm_terrain.fd/Readme.md' -> './Readme.md'
'/nwpr/gfs/xb169/GEPSv3/rsm/src/rsm_terrain.fd/cwb_fftw.c' -> './cwb_fftw.c'
'/nwpr/gfs/xb169/GEPSv3/rsm/src/rsm_terrain.fd/fftx.f' -> './fftx.f'
'/nwpr/gfs/xb169/GEPSv3/rsm/src/rsm_terrain.fd/gfstopo_30slzl.rsm.f' -> './gfstopo_30slzl.rsm.f'
'/nwpr/gfs/xb169/GEPSv3/rsm/src/rsm_terrain.fd/mtnlm7_slm30g.exe' -> './mtnlm7_slm30g.exe'
'/nwpr/gfs/xb169/GEPSv3/rsm/src/rsm_terrain.fd/mtnlm7_slm30g.rsm.f' -> './mtnlm7_slm30g.rsm.f'
+ make -f Makefile_slm30g_rsm clean
rm -f *.exe
rm -f *.o
+ make -f Makefile_slm30g_rsm
fccpx -I/package/fx1000/fftw-3.3.10/include -Kopenmp -c cwb_fftw.c -o cwb_fftw.o
frtpx -I/package/fx1000/fftw-3.3.10/include -X9 -CcdRR8 -fw -c fftx.f -o fftx.o
frtpx -I/package/fx1000/fftw-3.3.10/include -X9 -CcdRR8 -fw -c gfstopo_30slzl.rsm.f -o gfstopo_30slzl.rsm.o
frtpx -I/package/fx1000/fftw-3.3.10/include -X9 -CcdRR8 -fw -c mtnlm7_slm30g.rsm.f -o mtnlm7_slm30g.rsm.o
frtpx -o mtnlm7_slm30g.exe cwb_fftw.o fftx.o gfstopo_30slzl.rsm.o mtnlm7_slm30g.rsm.o -Kopenmp -L/package/fx1000/fftw-3.3.10/lib -lfftw3_omp -lfftw3
